代码,信号日期,信号价格,当前价格,当前收益%,最高收益%,是否获利,持有天数,触发条件
003042,2026-04-30,17.09,17.37,1.64,1.64,1,3,动量: 突破转强 (阳线上穿5/10)
003042,2026-05-06,17.15,17.37,1.28,1.28,1,2,趋势: 高于MA20 | 动量: 突破转强 (阳线上穿5/10)
002237,2026-04-30,16.61,16.12,-2.95,3.19,0,7,趋势: 高于MA20
002237,2026-05-06,17.05,16.12,-5.45,0.53,0,6,趋势: 高于MA20 | 动量: 突破转强 (阳线上穿5/10)
603022,2026-04-30,11.3,11.69,3.45,3.45,1,3,趋势: 高于MA20 | 动量: 突破转强 (阳线上穿5/10)
603022,2026-05-06,11.46,11.69,2.01,2.01,1,2,趋势: 高于MA20 | 动量: 突破转强 (阳线上穿5/10)
000862,2026-04-30,6.47,7.12,10.05,16.38,1,7,趋势: 高于MA20
000862,2026-05-06,6.79,7.12,4.86,10.9,1,6,趋势: 高于MA20 | 动量: 突破转强 (阳线上穿5/10)
000407,2026-04-30,4.84,4.45,-8.06,-1.86,0,7,量能: 放量 (1.83X) | 趋势: 高于MA20
000407,2026-05-06,4.75,4.45,-6.32,-1.68,0,6,趋势: 高于MA20
002669,2026-04-30,13.47,14.35,6.53,6.53,1,3,"形态: 两连阴 (-2.79%, -2.87%) | 趋势: 高于MA20"
002669,2026-05-06,13.54,14.35,5.98,5.98,1,2,"形态: 两连阴 (-2.87%, -0.59%) | 趋势: 高于MA20"
002345,2026-04-30,10.57,9.93,-6.05,-0.09,0,7,量能: 放量 (2.22X)
000948,2026-05-06,15.17,15.47,1.98,1.98,1,2,量能: 放量 (1.51X) | 趋势: 高于MA20 | 动量: 突破转强 (阳线上穿5/10)
600802,2026-04-30,5.66,5.66,0.0,3.89,0,7,动量: 突破转强 (阳线上穿5/10)
600802,2026-05-06,5.75,5.66,-1.57,2.26,0,6,趋势: 高于MA20 | 动量: 突破转强 (阳线上穿5/10)
600643,2026-05-06,4.88,4.96,1.64,1.64,1,2,动量: 突破转强 (阳线上穿5/10)
603356,2026-04-30,19.1,19.22,0.63,0.63,1,3,趋势: 高于MA20 | 动量: 突破转强 (阳线上穿5/10)
603356,2026-05-06,19.08,19.22,0.73,0.73,1,2,趋势: 高于MA20
600051,2026-04-30,7.77,7.87,1.29,1.29,1,3,趋势: 高于MA20 | 动量: 突破转强 (阳线上穿5/10)
600051,2026-05-06,7.86,7.87,0.13,0.13,1,2,趋势: 高于MA20 | 动量: 突破转强 (阳线上穿5/10)
002277,2026-04-30,6.17,6.74,9.24,9.24,1,7,量能: 放量 (1.86X) | 趋势: 高于MA20 | 动量: 突破转强 (阳线上穿5/10)
002277,2026-05-06,6.22,6.74,8.36,8.36,1,6,趋势: 高于MA20 | 动量: 突破转强 (阳线上穿5/10)
603335,2026-04-30,7.07,7.42,4.95,4.95,1,3,趋势: 多头排列 (5>20>60) | 形态: 10日内有涨停 | 趋势: 高于MA20
603335,2026-05-06,7.05,7.42,5.25,5.25,1,2,趋势: 多头排列 (5>20>60) | 形态: 10日内有涨停 | 趋势: 高于MA20
600191,2026-04-30,12.7,11.6,-8.66,1.26,0,7,趋势: 高于MA20
600191,2026-05-06,12.79,11.6,-9.3,0.55,0,6,趋势: 高于MA20
000953,2026-04-30,6.99,6.93,-0.86,-0.57,0,3,趋势: 高于MA20 | 动量: 突破转强 (阳线上穿5/10)
000953,2026-05-06,6.95,6.93,-0.29,-0.29,0,2,趋势: 高于MA20
600510,2026-04-30,11.06,11.4,3.07,4.7,1,3,"趋势: 多头排列 (5>20>60) | 形态: 两连阴 (-0.27%, -0.99%) | 趋势: 高于MA20 | 动量: 突破转强 (阳线上穿5/10)"
600510,2026-05-06,11.24,11.4,1.42,3.02,1,2,趋势: 多头排列 (5>20>60) | 趋势: 高于MA20 | 动量: 突破转强 (阳线上穿5/10)
002131,2026-04-30,6.45,6.51,0.93,9.77,1,7,"形态: 两连阴 (-3.24%, -0.15%)"
002131,2026-05-06,6.82,6.51,-4.55,3.81,0,6,"形态: 两连阴 (-0.15%, -1.83%)"
000058,2026-04-30,8.2,8.22,0.24,0.37,1,3,趋势: 高于MA20 | 动量: 突破转强 (阳线上穿5/10)
000058,2026-05-06,8.23,8.22,-0.12,-0.12,0,2,趋势: 高于MA20 | 动量: 突破转强 (阳线上穿5/10)
000950,2026-05-06,5.87,6.75,14.99,16.01,1,6,"形态: 两连阴 (-0.84%, -1.69%)"
002806,2026-04-30,14.08,14.9,5.82,5.82,1,3,趋势: 高于MA20
002806,2026-05-06,14.31,14.9,4.12,4.12,1,2,趋势: 高于MA20 | 动量: 突破转强 (阳线上穿5/10)
002596,2026-04-30,3.76,3.97,5.59,7.18,1,7,趋势: 高于MA20 | 动量: 突破转强 (阳线上穿5/10)
002596,2026-05-06,3.83,3.97,3.66,5.22,1,6,趋势: 高于MA20 | 动量: 突破转强 (阳线上穿5/10)
002097,2026-05-06,10.02,10.17,1.5,1.5,1,2,"形态: 两连阴 (-0.30%, -0.80%) | 趋势: 高于MA20 | 动量: 突破转强 (阳线上穿5/10)"
603889,2026-04-30,8.71,8.5,-2.41,-1.95,0,3,趋势: 多头排列 (5>20>60) | 趋势: 高于MA20
603889,2026-05-06,8.42,8.5,0.95,1.43,1,2,趋势: 多头排列 (5>20>60) | 量能: 放量 (1.76X)
600233,2026-04-30,21.5,20.84,-3.07,-0.09,0,3,趋势: 多头排列 (5>20>60) | 趋势: 高于MA20
600233,2026-05-06,21.48,20.84,-2.98,-0.61,0,2,趋势: 多头排列 (5>20>60) | 趋势: 高于MA20
600515,2026-04-30,3.61,3.37,-6.65,-1.66,0,7,趋势: 高于MA20 | 动量: 突破转强 (阳线上穿5/10)
002582,2026-04-30,12.55,12.25,-2.39,1.59,0,7,"趋势: 多头排列 (5>20>60) | 形态: 两连阴 (-0.87%, -1.11%) | 趋势: 高于MA20"
002582,2026-05-06,12.75,12.25,-3.92,-1.25,0,6,趋势: 多头排列 (5>20>60) | 趋势: 高于MA20 | 动量: 突破转强 (阳线上穿5/10)
601118,2026-04-30,7.19,7.42,3.2,8.62,1,7,趋势: 高于MA20 | 动量: 突破转强 (阳线上穿5/10)
601118,2026-05-06,7.39,7.42,0.41,5.68,1,6,趋势: 高于MA20 | 动量: 突破转强 (阳线上穿5/10)
603738,2026-04-30,38.32,47.01,22.68,22.68,1,3,趋势: 多头排列 (5>20>60) | 形态: 10日内有涨停 | 趋势: 高于MA20
603738,2026-05-06,38.85,47.01,21.0,21.0,1,2,趋势: 多头排列 (5>20>60) | 形态: 10日内有涨停 | 趋势: 高于MA20 | 动量: 突破转强 (阳线上穿5/10)
000505,2026-04-30,6.61,6.83,3.33,8.17,1,7,动量: 突破转强 (阳线上穿5/10)
000505,2026-05-06,6.69,6.83,2.09,6.88,1,6,趋势: 高于MA20 | 动量: 突破转强 (阳线上穿5/10)
002879,2026-04-30,17.98,18.32,1.89,5.78,1,7,"形态: 两连阴 (-10.01%, -2.62%)"
002879,2026-05-06,17.78,18.32,3.04,6.97,1,6,"形态: 两连阴 (-2.62%, -3.12%)"
002763,2026-04-30,9.41,9.87,4.89,5.74,1,7,趋势: 多头排列 (5>20>60) | 量能: 放量 (1.80X) | 形态: 10日内有涨停 | 趋势: 高于MA20 | 动量: 突破转强 (阳线上穿5/10)
002763,2026-05-06,9.33,9.87,5.79,6.65,1,6,趋势: 多头排列 (5>20>60) | 量能: 放量 (2.02X) | 形态: 10日内有涨停 | 趋势: 高于MA20
605228,2026-04-30,14.39,15.33,6.53,6.53,1,3,"形态: 两连阴 (-2.40%, -0.07%)"
605228,2026-05-06,15.1,15.33,1.52,1.52,1,2,"趋势: 多头排列 (5>20>60) | 量能: 放量 (1.71X) | 形态: 两连阴 (-0.07%, -1.44%) | 趋势: 高于MA20 | 动量: 突破转强 (阳线上穿5/10)"
600198,2026-04-30,8.4,8.84,5.24,5.24,1,3,趋势: 高于MA20
600198,2026-05-06,8.56,8.84,3.27,3.27,1,2,趋势: 高于MA20 | 动量: 突破转强 (阳线上穿5/10)
603221,2026-04-30,12.55,12.06,-3.9,0.24,0,7,趋势: 高于MA20 | 动量: 突破转强 (阳线上穿5/10)
603221,2026-05-06,12.58,12.06,-4.13,-0.95,0,6,趋势: 高于MA20 | 动量: 突破转强 (阳线上穿5/10)
000739,2026-04-30,18.27,17.31,-5.25,5.47,0,7,趋势: 多头排列 (5>20>60) | 趋势: 高于MA20
000739,2026-05-06,17.9,17.31,-3.3,7.65,0,6,"趋势: 多头排列 (5>20>60) | 形态: 两连阴 (-1.81%, -1.08%)"
603885,2026-04-30,11.44,11.78,2.97,2.97,1,3,量能: 放量 (1.67X)
002357,2026-04-30,11.72,12.36,5.46,5.46,1,3,趋势: 高于MA20 | 动量: 突破转强 (阳线上穿5/10)
002357,2026-05-06,11.79,12.36,4.83,4.83,1,2,趋势: 高于MA20 | 动量: 突破转强 (阳线上穿5/10)
601288,2026-04-30,6.92,6.76,-2.31,-0.29,0,7,趋势: 多头排列 (5>20>60) | 趋势: 高于MA20
601288,2026-05-06,6.86,6.76,-1.46,0.58,0,6,"趋势: 多头排列 (5>20>60) | 形态: 两连阴 (-0.57%, -0.29%)"
600596,2026-04-30,12.49,11.95,-4.32,-0.32,0,3,趋势: 高于MA20
600596,2026-05-06,12.45,11.95,-4.02,-4.02,0,2,趋势: 高于MA20
000729,2026-04-30,13.3,12.47,-6.24,0.75,0,7,趋势: 高于MA20 | 动量: 突破转强 (阳线上穿5/10)
000729,2026-05-06,13.4,12.47,-6.94,-2.46,0,6,趋势: 高于MA20 | 动量: 突破转强 (阳线上穿5/10)
600638,2026-04-30,6.25,6.32,1.12,1.12,1,3,趋势: 高于MA20 | 动量: 突破转强 (阳线上穿5/10)
600638,2026-05-06,6.27,6.32,0.8,0.8,1,2,趋势: 高于MA20 | 动量: 突破转强 (阳线上穿5/10)
002347,2026-04-30,8.13,8.2,0.86,5.17,1,7,趋势: 高于MA20 | 动量: 突破转强 (阳线上穿5/10)
002347,2026-05-06,8.23,8.2,-0.36,3.89,0,6,趋势: 高于MA20 | 动量: 突破转强 (阳线上穿5/10)
600158,2026-04-30,11.85,13.49,13.84,13.84,1,3,形态: 10日内有涨停 | 趋势: 高于MA20 | 动量: 突破转强 (阳线上穿5/10)
600158,2026-05-06,12.34,13.49,9.32,9.32,1,2,量能: 放量 (1.87X) | 形态: 10日内有涨停 | 趋势: 高于MA20 | 动量: 突破转强 (阳线上穿5/10)
603515,2026-04-30,20.26,20.76,2.47,6.42,1,3,趋势: 多头排列 (5>20>60) | 趋势: 高于MA20
603515,2026-05-06,21.56,20.76,-3.71,-2.83,0,2,趋势: 多头排列 (5>20>60) | 量能: 放量 (1.75X) | 趋势: 高于MA20 | 动量: 突破转强 (阳线上穿5/10)
002811,2026-04-30,13.88,13.87,-0.07,0.86,0,3,趋势: 高于MA20 | 动量: 突破转强 (阳线上穿5/10)
002811,2026-05-06,14.0,13.87,-0.93,-0.93,0,2,趋势: 高于MA20 | 动量: 突破转强 (阳线上穿5/10)
603518,2026-04-30,9.95,9.49,-4.62,-0.6,0,7,趋势: 高于MA20 | 动量: 突破转强 (阳线上穿5/10)
603518,2026-05-06,9.89,9.49,-4.04,-0.81,0,6,趋势: 高于MA20
002651,2026-04-30,9.58,10.05,4.91,4.91,1,5,趋势: 高于MA20 | 动量: 突破转强 (阳线上穿5/10)
002651,2026-05-06,9.61,10.05,4.58,4.58,1,4,趋势: 高于MA20 | 动量: 突破转强 (阳线上穿5/10)
002099,2026-05-06,6.25,6.1,-2.4,-1.92,0,2,"形态: 两连阴 (-9.99%, -3.65%)"
600586,2026-04-30,5.86,7.64,30.38,30.38,1,7,量能: 放量 (1.65X) | 趋势: 高于MA20 | 动量: 突破转强 (阳线上穿5/10)
600586,2026-05-06,5.73,7.64,33.33,33.33,1,6,趋势: 高于MA20
600817,2026-04-30,11.85,11.58,-2.28,-0.42,0,3,"趋势: 多头排列 (5>20>60) | 形态: 两连阴 (-0.08%, -5.01%)"
600817,2026-05-06,11.8,11.58,-1.86,-1.19,0,2,"形态: 两连阴 (-5.01%, -0.75%)"
600353,2026-04-30,17.23,21.1,22.46,22.46,1,7,趋势: 高于MA20
600353,2026-05-06,17.77,21.1,18.74,18.74,1,6,趋势: 高于MA20 | 动量: 突破转强 (阳线上穿5/10)
002164,2026-04-30,12.56,13.02,3.66,9.95,1,7,"形态: 两连阴 (-1.61%, -3.11%)"
603332,2026-04-30,14.34,14.34,0.0,0.21,0,3,"形态: 10日内有涨停 | 形态: 两连阴 (-0.70%, -1.20%) | 趋势: 高于MA20 | 动量: 突破转强 (阳线上穿5/10)"
603332,2026-05-06,14.37,14.34,-0.21,-0.21,0,2,趋势: 多头排列 (5>20>60) | 形态: 10日内有涨停 | 趋势: 高于MA20
002423,2026-05-06,10.28,10.19,-0.88,-0.58,0,2,趋势: 高于MA20 | 动量: 突破转强 (阳线上穿5/10)
603098,2026-04-30,14.19,13.58,-4.3,-0.21,0,5,量能: 放量 (2.27X)
002666,2026-05-06,5.21,5.03,-3.45,-0.19,0,6,动量: 突破转强 (阳线上穿5/10)
601598,2026-05-06,5.96,6.08,2.01,2.01,1,2,"形态: 两连阴 (-0.98%, -0.99%)"
000506,2026-05-06,16.55,15.25,-7.85,3.44,0,6,量能: 放量 (1.66X) | 动量: 突破转强 (阳线上穿5/10)
000633,2026-04-30,6.83,6.87,0.59,0.59,1,3,趋势: 高于MA20 | 动量: 突破转强 (阳线上穿5/10)
000633,2026-05-06,6.83,6.87,0.59,0.59,1,2,趋势: 高于MA20
605077,2026-04-30,17.04,18.65,9.45,9.45,1,3,趋势: 高于MA20
605077,2026-05-06,17.71,18.65,5.31,5.31,1,2,趋势: 多头排列 (5>20>60) | 趋势: 高于MA20 | 动量: 突破转强 (阳线上穿5/10)
601898,2026-04-30,18.72,16.1,-14.0,-0.91,0,7,趋势: 多头排列 (5>20>60) | 趋势: 高于MA20 | 动量: 突破转强 (阳线上穿5/10)
601898,2026-05-06,18.55,16.1,-13.21,-7.87,0,6,趋势: 多头排列 (5>20>60) | 趋势: 高于MA20
600531,2026-04-30,14.73,16.72,13.51,13.51,1,7,趋势: 高于MA20
600531,2026-05-06,15.38,16.72,8.71,8.71,1,6,"形态: 两连阴 (-3.97%, -3.41%) | 趋势: 高于MA20"
000802,2026-04-30,4.31,5.02,16.47,22.51,1,7,形态: 10日内有涨停 | 趋势: 高于MA20 | 动量: 突破转强 (阳线上穿5/10)
000802,2026-05-06,4.74,5.02,5.91,11.39,1,6,量能: 放量 (2.35X) | 形态: 10日内有涨停 | 趋势: 高于MA20 | 动量: 突破转强 (阳线上穿5/10)
600719,2026-04-30,7.75,9.09,17.29,21.03,1,3,趋势: 多头排列 (5>20>60) | 趋势: 高于MA20 | 动量: 突破转强 (阳线上穿5/10)
600719,2026-05-06,8.53,9.09,6.57,9.96,1,2,趋势: 多头排列 (5>20>60) | 形态: 10日内有涨停 | 趋势: 高于MA20 | 动量: 突破转强 (阳线上穿5/10)
600714,2026-04-30,22.1,25.19,13.98,15.25,1,7,量能: 放量 (2.16X) | 形态: 10日内有涨停 | 趋势: 高于MA20 | 动量: 突破转强 (阳线上穿5/10)
600714,2026-05-06,21.66,25.19,16.3,17.59,1,6,形态: 10日内有涨停 | 趋势: 高于MA20
603505,2026-04-30,18.34,19.0,3.6,3.6,1,3,量能: 放量 (1.65X) | 趋势: 高于MA20 | 动量: 突破转强 (阳线上穿5/10)
603505,2026-05-06,18.86,19.0,0.74,0.74,1,2,趋势: 高于MA20 | 动量: 突破转强 (阳线上穿5/10)
000973,2026-04-30,20.99,19.88,-5.29,1.24,0,3,趋势: 多头排列 (5>20>60) | 形态: 10日内有涨停 | 趋势: 高于MA20
000973,2026-05-06,21.25,19.88,-6.45,-1.69,0,2,趋势: 多头排列 (5>20>60) | 形态: 10日内有涨停 | 趋势: 高于MA20 | 动量: 突破转强 (阳线上穿5/10)
603879,2026-04-30,5.9,6.03,2.2,2.2,1,3,趋势: 高于MA20 | 动量: 突破转强 (阳线上穿5/10)
603879,2026-05-06,5.95,6.03,1.34,1.34,1,2,趋势: 高于MA20 | 动量: 突破转强 (阳线上穿5/10)
605055,2026-04-30,11.21,13.65,21.77,21.77,1,5,趋势: 多头排列 (5>20>60) | 趋势: 高于MA20
605055,2026-05-06,11.9,13.65,14.71,14.71,1,4,趋势: 多头排列 (5>20>60) | 量能: 放量 (1.59X) | 趋势: 高于MA20 | 动量: 突破转强 (阳线上穿5/10)
002921,2026-04-30,29.74,32.1,7.94,7.94,1,3,趋势: 多头排列 (5>20>60) | 趋势: 高于MA20 | 动量: 突破转强 (阳线上穿5/10)
002921,2026-05-06,30.46,32.1,5.38,5.38,1,2,趋势: 多头排列 (5>20>60) | 趋势: 高于MA20 | 动量: 突破转强 (阳线上穿5/10)
603018,2026-04-30,7.52,7.45,-0.93,1.33,0,7,量能: 放量 (1.60X) | 趋势: 高于MA20 | 动量: 突破转强 (阳线上穿5/10)
603018,2026-05-06,7.62,7.45,-2.23,-0.39,0,6,趋势: 高于MA20 | 动量: 突破转强 (阳线上穿5/10)
600996,2026-05-06,8.75,8.89,1.6,1.6,1,2,动量: 突破转强 (阳线上穿5/10)
600901,2026-04-30,6.9,6.74,-2.32,-2.32,0,3,趋势: 多头排列 (5>20>60) | 趋势: 高于MA20
600901,2026-05-06,6.69,6.74,0.75,0.75,1,2,"趋势: 多头排列 (5>20>60) | 形态: 两连阴 (-0.86%, -0.58%)"
000507,2026-05-06,5.26,5.27,0.19,0.19,1,2,动量: 突破转强 (阳线上穿5/10)
000987,2026-04-30,9.0,8.88,-1.33,-0.67,0,3,趋势: 高于MA20
000987,2026-05-06,8.94,8.88,-0.67,0.0,0,2,趋势: 高于MA20
600235,2026-04-30,6.95,7.03,1.15,1.15,1,3,趋势: 高于MA20 | 动量: 突破转强 (阳线上穿5/10)
600235,2026-05-06,6.89,7.03,2.03,2.03,1,2,趋势: 高于MA20
002064,2026-04-30,11.76,11.01,-6.38,-0.26,0,3,趋势: 高于MA20 | 动量: 突破转强 (阳线上穿5/10)
002064,2026-05-06,11.73,11.01,-6.14,-5.54,0,2,趋势: 高于MA20
002448,2026-04-30,15.11,16.3,7.88,7.88,1,3,趋势: 多头排列 (5>20>60) | 形态: 10日内有涨停
002448,2026-05-06,15.65,16.3,4.15,4.15,1,2,趋势: 多头排列 (5>20>60) | 形态: 10日内有涨停 | 趋势: 高于MA20 | 动量: 突破转强 (阳线上穿5/10)
600137,2026-04-30,23.4,24.1,2.99,2.99,1,3,趋势: 多头排列 (5>20>60) | 趋势: 高于MA20
600137,2026-05-06,23.2,24.1,3.88,3.88,1,2,趋势: 多头排列 (5>20>60) | 趋势: 高于MA20
603385,2026-04-30,6.76,12.44,84.02,85.95,1,5,趋势: 高于MA20 | 动量: 突破转强 (阳线上穿5/10)
603385,2026-05-06,6.67,12.44,86.51,88.46,1,4,趋势: 高于MA20
000565,2026-04-30,7.87,8.14,3.43,3.43,1,3,形态: 10日内有涨停 | 趋势: 高于MA20
000565,2026-05-06,8.01,8.14,1.62,1.62,1,2,形态: 10日内有涨停 | 趋势: 高于MA20 | 动量: 突破转强 (阳线上穿5/10)
000600,2026-04-30,9.52,9.93,4.31,5.04,1,3,趋势: 高于MA20
000600,2026-05-06,9.65,9.93,2.9,3.63,1,2,趋势: 多头排列 (5>20>60) | 趋势: 高于MA20 | 动量: 突破转强 (阳线上穿5/10)
600416,2026-05-06,12.74,12.86,0.94,2.75,1,4,趋势: 高于MA20 | 动量: 突破转强 (阳线上穿5/10)
002531,2026-04-30,12.02,11.68,-2.83,-2.75,0,3,趋势: 多头排列 (5>20>60) | 趋势: 高于MA20
600618,2026-04-30,12.87,12.29,-4.51,-0.85,0,7,趋势: 高于MA20
601677,2026-04-30,17.75,17.6,-0.85,1.58,0,7,趋势: 多头排列 (5>20>60) | 趋势: 高于MA20
601677,2026-05-06,17.83,17.6,-1.29,1.12,0,6,趋势: 多头排列 (5>20>60) | 趋势: 高于MA20
600577,2026-04-30,13.03,13.62,4.53,7.37,1,7,量能: 放量 (1.54X) | 趋势: 高于MA20 | 动量: 突破转强 (阳线上穿5/10)
600577,2026-05-06,13.3,13.62,2.41,5.19,1,6,趋势: 高于MA20 | 动量: 突破转强 (阳线上穿5/10)
003036,2026-04-30,32.75,41.91,27.97,27.97,1,3,趋势: 多头排列 (5>20>60) | 形态: 10日内有涨停 | 趋势: 高于MA20
003036,2026-05-06,35.4,41.91,18.39,18.39,1,2,趋势: 多头排列 (5>20>60) | 形态: 10日内有涨停 | 趋势: 高于MA20 | 动量: 突破转强 (阳线上穿5/10)
600151,2026-04-30,14.51,15.39,6.06,6.06,1,3,趋势: 高于MA20
600151,2026-05-06,15.18,15.39,1.38,1.38,1,2,趋势: 高于MA20 | 动量: 突破转强 (阳线上穿5/10)
600855,2026-05-06,18.82,20.67,9.83,11.0,1,4,趋势: 高于MA20
002201,2026-04-30,13.39,13.35,-0.3,8.44,0,7,趋势: 多头排列 (5>20>60) | 形态: 10日内有涨停 | 趋势: 高于MA20
002201,2026-05-06,13.83,13.35,-3.47,4.99,0,6,"趋势: 多头排列 (5>20>60) | 形态: 10日内有涨停 | 形态: 两连阴 (-3.26%, -4.01%) | 趋势: 高于MA20"
600576,2026-04-30,5.96,5.84,-2.01,-2.01,0,3,趋势: 高于MA20
600576,2026-05-06,5.7,5.84,2.46,2.46,1,2,量能: 放量 (1.63X)
605006,2026-04-30,11.69,15.47,32.34,45.34,1,7,趋势: 多头排列 (5>20>60) | 量能: 放量 (1.70X) | 形态: 10日内有涨停 | 趋势: 高于MA20
605006,2026-05-06,12.29,15.47,25.87,38.24,1,6,趋势: 多头排列 (5>20>60) | 形态: 10日内有涨停 | 趋势: 高于MA20 | 动量: 突破转强 (阳线上穿5/10)
603588,2026-04-30,14.58,15.01,2.95,5.21,1,3,"形态: 两连阴 (-0.47%, -0.54%)"
603588,2026-05-06,14.79,15.01,1.49,3.72,1,2,"形态: 两连阴 (-0.54%, -1.29%)"
002038,2026-04-30,6.49,6.26,-3.54,6.93,0,7,"形态: 两连阴 (-0.58%, -1.17%)"
002038,2026-05-06,6.47,6.26,-3.25,7.26,0,6,"形态: 两连阴 (-1.17%, -3.85%)"
002366,2026-04-30,7.49,7.57,1.07,2.0,1,3,趋势: 高于MA20 | 动量: 突破转强 (阳线上穿5/10)
002366,2026-05-06,7.64,7.57,-0.92,-0.65,0,2,趋势: 高于MA20 | 动量: 突破转强 (阳线上穿5/10)
603685,2026-04-30,32.82,33.13,0.94,6.86,1,7,趋势: 多头排列 (5>20>60) | 趋势: 高于MA20
603685,2026-05-06,31.87,33.13,3.95,10.04,1,6,趋势: 多头排列 (5>20>60) | 趋势: 高于MA20
603528,2026-04-30,7.72,8.24,6.74,6.74,1,3,量能: 放量 (1.99X)
601872,2026-05-06,18.64,19.49,4.56,4.56,1,2,量能: 放量 (1.60X) | 趋势: 高于MA20 | 动量: 突破转强 (阳线上穿5/10)
603313,2026-04-30,6.42,6.0,-6.54,-1.56,0,7,"量能: 放量 (3.23X) | 形态: 两连阴 (-2.39%, -9.94%)"
603313,2026-05-06,6.24,6.0,-3.85,1.28,0,6,"形态: 两连阴 (-9.94%, -8.02%)"
002949,2026-04-30,14.39,14.55,1.11,3.2,1,5,趋势: 高于MA20
002949,2026-05-06,14.39,14.55,1.11,3.2,1,4,趋势: 高于MA20
600241,2026-04-30,9.76,9.69,-0.72,0.41,0,3,趋势: 多头排列 (5>20>60) | 趋势: 高于MA20 | 动量: 突破转强 (阳线上穿5/10)
600241,2026-05-06,9.8,9.69,-1.12,-0.31,0,2,趋势: 多头排列 (5>20>60) | 趋势: 高于MA20 | 动量: 突破转强 (阳线上穿5/10)
002600,2026-04-30,14.06,16.4,16.64,16.64,1,7,趋势: 高于MA20
002600,2026-05-06,14.12,16.4,16.15,16.15,1,6,趋势: 高于MA20
002963,2026-04-30,17.1,17.76,3.86,3.86,1,3,趋势: 高于MA20
002963,2026-05-06,17.65,17.76,0.62,0.62,1,2,趋势: 多头排列 (5>20>60) | 趋势: 高于MA20 | 动量: 突破转强 (阳线上穿5/10)
000557,2026-04-30,4.7,4.7,0.0,0.0,0,3,趋势: 高于MA20 | 动量: 突破转强 (阳线上穿5/10)
000557,2026-05-06,4.7,4.7,0.0,0.0,0,2,趋势: 高于MA20
600589,2026-05-06,11.08,12.51,12.91,12.91,1,2,量能: 放量 (1.76X) | 形态: 10日内有涨停 | 趋势: 高于MA20 | 动量: 突破转强 (阳线上穿5/10)
603815,2026-04-30,7.28,7.62,4.67,6.04,1,3,形态: 10日内有涨停 | 趋势: 高于MA20 | 动量: 突破转强 (阳线上穿5/10)
603815,2026-05-06,7.4,7.62,2.97,4.32,1,2,形态: 10日内有涨停 | 趋势: 高于MA20 | 动量: 突破转强 (阳线上穿5/10)
600523,2026-05-06,13.71,13.98,1.97,1.97,1,2,量能: 放量 (1.54X)
002330,2026-04-30,4.75,4.6,-3.16,0.42,0,7,趋势: 高于MA20
002330,2026-05-06,4.77,4.6,-3.56,-1.05,0,6,趋势: 高于MA20 | 动量: 突破转强 (阳线上穿5/10)
002023,2026-04-30,12.6,13.25,5.16,5.16,1,3,"趋势: 多头排列 (5>20>60) | 形态: 两连阴 (-2.51%, -1.77%) | 趋势: 高于MA20"
002023,2026-05-06,12.85,13.25,3.11,3.11,1,2,趋势: 多头排列 (5>20>60) | 趋势: 高于MA20 | 动量: 突破转强 (阳线上穿5/10)
603386,2026-05-06,14.03,14.45,2.99,2.99,1,2,趋势: 高于MA20 | 动量: 突破转强 (阳线上穿5/10)
601198,2026-04-30,13.2,13.19,-0.08,1.44,0,3,趋势: 高于MA20 | 动量: 突破转强 (阳线上穿5/10)
601198,2026-05-06,13.39,13.19,-1.49,-1.12,0,2,趋势: 高于MA20 | 动量: 突破转强 (阳线上穿5/10)
000592,2026-05-06,10.91,11.44,4.86,4.86,1,2,动量: 突破转强 (阳线上穿5/10)
603809,2026-04-30,11.03,11.11,0.73,5.62,1,7,趋势: 高于MA20 | 动量: 突破转强 (阳线上穿5/10)
603809,2026-05-06,11.18,11.11,-0.63,4.2,0,6,趋势: 高于MA20 | 动量: 突破转强 (阳线上穿5/10)
002772,2026-04-30,17.24,17.04,-1.16,-1.16,0,3,"形态: 两连阴 (-0.63%, -0.29%)"
002772,2026-05-06,16.56,17.04,2.9,2.9,1,2,"量能: 放量 (1.53X) | 形态: 两连阴 (-0.29%, -0.52%)"
000026,2026-04-30,18.13,19.9,9.76,9.76,1,3,趋势: 多头排列 (5>20>60) | 趋势: 高于MA20 | 动量: 突破转强 (阳线上穿5/10)
000026,2026-05-06,17.85,19.9,11.48,11.48,1,2,趋势: 多头排列 (5>20>60) | 趋势: 高于MA20
002258,2026-04-30,12.9,12.38,-4.03,-2.02,0,3,"形态: 两连阴 (-0.54%, -0.31%)"
002258,2026-05-06,12.64,12.38,-2.06,-1.27,0,2,"形态: 两连阴 (-0.31%, -0.46%)"
002548,2026-04-30,5.39,4.85,-10.02,-2.23,0,7,量能: 放量 (2.34X) | 形态: 10日内有涨停 | 趋势: 高于MA20 | 动量: 突破转强 (阳线上穿5/10)
002548,2026-05-06,5.27,4.85,-7.97,-1.33,0,6,形态: 10日内有涨停 | 趋势: 高于MA20
600163,2026-05-06,6.38,6.96,9.09,9.09,1,6,趋势: 高于MA20 | 动量: 突破转强 (阳线上穿5/10)
002372,2026-04-30,11.07,10.49,-5.24,0.09,0,3,趋势: 高于MA20 | 动量: 突破转强 (阳线上穿5/10)
002372,2026-05-06,11.08,10.49,-5.32,-1.99,0,2,趋势: 高于MA20 | 动量: 突破转强 (阳线上穿5/10)
002245,2026-04-30,20.66,22.03,6.63,10.02,1,3,趋势: 多头排列 (5>20>60) | 趋势: 高于MA20
002245,2026-05-06,22.73,22.03,-3.08,-0.53,0,2,趋势: 多头排列 (5>20>60) | 量能: 放量 (1.63X) | 形态: 10日内有涨停 | 趋势: 高于MA20 | 动量: 突破转强 (阳线上穿5/10)
600909,2026-05-06,5.69,5.67,-0.35,-0.18,0,2,趋势: 高于MA20 | 动量: 突破转强 (阳线上穿5/10)
002892,2026-04-30,10.39,10.93,5.2,5.2,1,3,"形态: 两连阴 (-0.96%, -0.19%)"
603095,2026-04-30,25.37,24.59,-3.07,4.85,0,7,形态: 10日内有涨停 | 趋势: 高于MA20 | 动量: 突破转强 (阳线上穿5/10)
603095,2026-05-06,24.18,24.59,1.7,10.01,1,6,量能: 放量 (1.93X) | 形态: 10日内有涨停 | 趋势: 高于MA20
003025,2026-04-30,13.59,14.44,6.25,6.25,1,3,"形态: 两连阴 (-2.59%, -0.37%)"
003025,2026-05-06,13.73,14.44,5.17,5.17,1,2,趋势: 高于MA20 | 动量: 突破转强 (阳线上穿5/10)
601696,2026-04-30,12.42,12.36,-0.48,2.25,0,7,趋势: 高于MA20 | 动量: 突破转强 (阳线上穿5/10)
601696,2026-05-06,12.56,12.36,-1.59,1.11,0,6,趋势: 高于MA20 | 动量: 突破转强 (阳线上穿5/10)
000670,2026-05-06,7.79,8.06,3.47,5.26,1,2,趋势: 高于MA20 | 动量: 突破转强 (阳线上穿5/10)
605138,2026-04-30,7.7,7.89,2.47,2.47,1,3,形态: 10日内有涨停 | 趋势: 高于MA20 | 动量: 突破转强 (阳线上穿5/10)
605138,2026-05-06,7.79,7.89,1.28,1.28,1,2,形态: 10日内有涨停 | 趋势: 高于MA20 | 动量: 突破转强 (阳线上穿5/10)
002228,2026-04-30,3.9,3.74,-4.1,2.05,0,7,趋势: 高于MA20 | 动量: 突破转强 (阳线上穿5/10)
002228,2026-05-06,3.93,3.74,-4.83,1.27,0,6,趋势: 高于MA20 | 动量: 突破转强 (阳线上穿5/10)
600965,2026-04-30,3.81,3.27,-14.17,-4.99,0,3,"形态: 两连阴 (-10.00%, -9.93%)"
002593,2026-04-30,5.38,5.24,-2.6,0.56,0,5,趋势: 高于MA20 | 动量: 突破转强 (阳线上穿5/10)
002593,2026-05-06,5.36,5.24,-2.24,0.93,0,4,趋势: 高于MA20
605208,2026-04-30,14.73,14.08,-4.41,-4.01,0,3,"趋势: 多头排列 (5>20>60) | 形态: 两连阴 (-4.37%, -0.99%) | 趋势: 高于MA20"
605208,2026-05-06,14.12,14.08,-0.28,0.14,0,2,"趋势: 多头排列 (5>20>60) | 形态: 两连阴 (-0.99%, -1.41%)"
600376,2026-05-06,4.61,4.46,-3.25,3.9,0,6,动量: 突破转强 (阳线上穿5/10)
600189,2026-04-30,8.29,8.84,6.63,6.63,1,7,趋势: 高于MA20
600189,2026-05-06,8.33,8.84,6.12,6.12,1,6,趋势: 高于MA20
600099,2026-04-30,11.7,11.84,1.2,1.2,1,3,趋势: 多头排列 (5>20>60) | 趋势: 高于MA20 | 动量: 突破转强 (阳线上穿5/10)
600099,2026-05-06,11.66,11.84,1.54,1.54,1,2,趋势: 多头排列 (5>20>60) | 趋势: 高于MA20
002790,2026-04-30,7.57,7.19,-5.02,-0.92,0,7,"形态: 两连阴 (-2.70%, -2.51%)"
601700,2026-04-30,5.43,5.59,2.95,2.95,1,3,量能: 放量 (2.32X) | 趋势: 高于MA20 | 动量: 突破转强 (阳线上穿5/10)
601700,2026-05-06,5.57,5.59,0.36,0.36,1,2,趋势: 高于MA20 | 动量: 突破转强 (阳线上穿5/10)
000590,2026-04-30,11.16,11.03,-1.16,-0.36,0,3,动量: 突破转强 (阳线上穿5/10)
002624,2026-05-06,16.28,16.35,0.43,7.8,1,6,"形态: 两连阴 (-2.52%, -8.59%)"
603214,2026-04-30,16.69,16.35,-2.04,0.6,0,7,趋势: 高于MA20 | 动量: 突破转强 (阳线上穿5/10)
603214,2026-05-06,16.79,16.35,-2.62,-0.06,0,6,趋势: 高于MA20 | 动量: 突破转强 (阳线上穿5/10)
000561,2026-05-06,9.64,9.9,2.7,2.7,1,2,动量: 突破转强 (阳线上穿5/10)
002845,2026-04-30,13.67,14.76,7.97,10.1,1,7,"形态: 两连阴 (-3.84%, -0.15%)"
002845,2026-05-06,14.53,14.76,1.58,3.58,1,6,"形态: 两连阴 (-0.15%, -0.65%) | 趋势: 高于MA20 | 动量: 突破转强 (阳线上穿5/10)"
601882,2026-04-30,20.08,23.79,18.48,18.48,1,3,趋势: 高于MA20 | 动量: 突破转强 (阳线上穿5/10)
601882,2026-05-06,20.67,23.79,15.09,15.09,1,2,量能: 放量 (1.62X) | 趋势: 高于MA20 | 动量: 突破转强 (阳线上穿5/10)
002698,2026-05-06,13.78,14.98,8.71,10.01,1,2,量能: 放量 (1.78X) | 趋势: 高于MA20 | 动量: 突破转强 (阳线上穿5/10)
600768,2026-04-30,18.88,19.32,2.33,2.33,1,3,趋势: 高于MA20 | 动量: 突破转强 (阳线上穿5/10)
600768,2026-05-06,18.86,19.32,2.44,2.44,1,2,趋势: 高于MA20
603638,2026-04-30,23.24,24.79,6.67,6.84,1,3,趋势: 高于MA20 | 动量: 突破转强 (阳线上穿5/10)
603638,2026-05-06,23.65,24.79,4.82,4.99,1,2,趋势: 高于MA20 | 动量: 突破转强 (阳线上穿5/10)
000598,2026-04-30,6.9,6.67,-3.33,-1.74,0,7,趋势: 高于MA20
000598,2026-05-06,6.78,6.67,-1.62,-0.44,0,6,量能: 放量 (1.68X) | 趋势: 高于MA20
603711,2026-04-30,14.28,14.91,4.41,4.41,1,7,量能: 放量 (3.05X) | 形态: 10日内有涨停 | 趋势: 高于MA20 | 动量: 突破转强 (阳线上穿5/10)
603711,2026-05-06,14.44,14.91,3.25,3.25,1,6,量能: 放量 (2.66X) | 形态: 10日内有涨停 | 趋势: 高于MA20 | 动量: 突破转强 (阳线上穿5/10)
600397,2026-04-30,14.35,14.27,-0.56,7.04,0,7,形态: 10日内有涨停
600397,2026-05-06,14.62,14.27,-2.39,5.06,0,6,形态: 10日内有涨停 | 趋势: 高于MA20 | 动量: 突破转强 (阳线上穿5/10)
000811,2026-04-30,24.95,26.28,5.33,8.38,1,3,趋势: 多头排列 (5>20>60) | 形态: 10日内有涨停 | 趋势: 高于MA20 | 动量: 突破转强 (阳线上穿5/10)
000811,2026-05-06,27.04,26.28,-2.81,-2.81,0,2,趋势: 多头排列 (5>20>60) | 形态: 10日内有涨停 | 趋势: 高于MA20 | 动量: 突破转强 (阳线上穿5/10)
603110,2026-04-30,22.13,24.38,10.17,10.17,1,3,趋势: 多头排列 (5>20>60) | 形态: 10日内有涨停 | 趋势: 高于MA20 | 动量: 突破转强 (阳线上穿5/10)
603110,2026-05-06,22.04,24.38,10.62,10.62,1,2,趋势: 多头排列 (5>20>60) | 形态: 10日内有涨停 | 趋势: 高于MA20
603778,2026-04-30,26.6,24.89,-6.43,4.92,0,5,形态: 10日内有涨停
603778,2026-05-06,27.91,24.89,-10.82,-3.3,0,4,形态: 10日内有涨停 | 动量: 突破转强 (阳线上穿5/10)
002272,2026-04-30,17.3,19.53,12.89,14.8,1,3,"形态: 两连阴 (-4.48%, -0.40%)"
002272,2026-05-06,19.03,19.53,2.63,4.36,1,2,"形态: 10日内有涨停 | 形态: 两连阴 (-0.40%, -0.63%) | 趋势: 高于MA20 | 动量: 突破转强 (阳线上穿5/10)"
002319,2026-04-30,11.74,11.93,1.62,1.62,1,3,趋势: 高于MA20 | 动量: 突破转强 (阳线上穿5/10)
002319,2026-05-06,11.88,11.93,0.42,0.42,1,2,趋势: 高于MA20 | 动量: 突破转强 (阳线上穿5/10)
603648,2026-04-30,10.16,10.22,0.59,0.59,1,3,趋势: 高于MA20 | 动量: 突破转强 (阳线上穿5/10)
603648,2026-05-06,10.19,10.22,0.29,0.29,1,2,趋势: 高于MA20 | 动量: 突破转强 (阳线上穿5/10)
603162,2026-04-30,14.87,19.18,28.98,28.98,1,7,趋势: 多头排列 (5>20>60) | 趋势: 高于MA20
603162,2026-05-06,16.36,19.18,17.24,17.24,1,6,趋势: 多头排列 (5>20>60) | 形态: 10日内有涨停 | 趋势: 高于MA20 | 动量: 突破转强 (阳线上穿5/10)
601156,2026-04-30,16.0,16.27,1.69,2.81,1,3,"形态: 两连阴 (-0.55%, -1.22%)"
601156,2026-05-06,16.34,16.27,-0.43,0.67,0,2,"形态: 两连阴 (-1.22%, -1.30%)"
600973,2026-04-30,7.28,7.61,4.53,4.53,1,3,趋势: 多头排列 (5>20>60) | 趋势: 高于MA20
600973,2026-05-06,7.42,7.61,2.56,2.56,1,2,趋势: 多头排列 (5>20>60) | 趋势: 高于MA20 | 动量: 突破转强 (阳线上穿5/10)
002863,2026-04-30,5.58,5.72,2.51,2.51,1,3,趋势: 高于MA20
002863,2026-05-06,5.64,5.72,1.42,1.42,1,2,趋势: 高于MA20 | 动量: 突破转强 (阳线上穿5/10)
600590,2026-04-30,15.69,16.7,6.44,8.35,1,3,趋势: 多头排列 (5>20>60) | 形态: 10日内有涨停 | 趋势: 高于MA20
600590,2026-05-06,16.83,16.7,-0.77,1.01,0,2,趋势: 多头排列 (5>20>60) | 形态: 10日内有涨停 | 趋势: 高于MA20 | 动量: 突破转强 (阳线上穿5/10)
002037,2026-04-30,8.55,8.31,-2.81,1.87,0,7,趋势: 高于MA20
002037,2026-05-06,8.54,8.31,-2.69,1.99,0,6,趋势: 高于MA20
002033,2026-04-30,9.47,9.06,-4.33,-2.43,0,7,趋势: 多头排列 (5>20>60)
000572,2026-05-06,5.61,5.2,-7.31,1.07,0,6,动量: 突破转强 (阳线上穿5/10)
603709,2026-04-30,19.52,19.18,-1.74,1.9,0,7,形态: 10日内有涨停 | 趋势: 高于MA20
603709,2026-05-06,19.42,19.18,-1.24,2.42,0,6,形态: 10日内有涨停 | 趋势: 高于MA20
603535,2026-04-30,7.93,8.72,9.96,9.96,1,7,量能: 放量 (1.99X)
600279,2026-05-06,4.93,4.96,0.61,3.65,1,6,动量: 突破转强 (阳线上穿5/10)
600846,2026-04-30,12.76,12.76,0.0,1.57,0,7,趋势: 高于MA20
600846,2026-05-06,12.79,12.76,-0.23,1.33,0,6,"形态: 两连阴 (-1.21%, -2.30%) | 趋势: 高于MA20"
002171,2026-05-06,11.63,11.92,2.49,2.49,1,2,趋势: 高于MA20
600419,2026-04-30,9.62,9.3,-3.33,0.83,0,7,趋势: 高于MA20
600419,2026-05-06,9.7,9.3,-4.12,0.0,0,6,趋势: 高于MA20 | 动量: 突破转强 (阳线上穿5/10)
002849,2026-04-30,17.3,17.34,0.23,0.23,1,3,"形态: 两连阴 (-1.26%, -0.29%)"
601068,2026-04-30,6.22,5.84,-6.11,0.64,0,7,趋势: 多头排列 (5>20>60) | 趋势: 高于MA20
601068,2026-05-06,6.26,5.84,-6.71,-1.12,0,6,趋势: 高于MA20
601528,2026-04-30,5.23,5.22,-0.19,-0.19,0,3,量能: 放量 (1.85X)
002667,2026-04-30,34.0,23.75,-30.15,-5.0,0,7,趋势: 多头排列 (5>20>60) | 趋势: 高于MA20
002667,2026-05-06,32.3,23.75,-26.47,-4.98,0,6,趋势: 多头排列 (5>20>60) | 趋势: 高于MA20
002394,2026-04-30,14.11,12.5,-11.41,-0.78,0,7,趋势: 高于MA20 | 动量: 突破转强 (阳线上穿5/10)
002394,2026-05-06,14.0,12.5,-10.71,-4.57,0,6,趋势: 高于MA20
002909,2026-04-30,6.69,6.51,-2.69,1.35,0,7,趋势: 高于MA20
002909,2026-05-06,6.77,6.51,-3.84,0.15,0,6,趋势: 高于MA20 | 动量: 突破转强 (阳线上穿5/10)
002208,2026-04-30,13.74,19.8,44.1,44.1,1,7,量能: 放量 (2.11X) | 趋势: 高于MA20 | 动量: 突破转强 (阳线上穿5/10)
002208,2026-05-06,13.92,19.8,42.24,42.24,1,6,量能: 放量 (1.50X) | 趋势: 高于MA20 | 动量: 突破转强 (阳线上穿5/10)
002418,2026-04-30,5.64,6.27,11.17,12.94,1,3,趋势: 多头排列 (5>20>60) | 形态: 10日内有涨停
002418,2026-05-06,6.2,6.27,1.13,2.74,1,2,趋势: 多头排列 (5>20>60) | 形态: 10日内有涨停 | 趋势: 高于MA20 | 动量: 突破转强 (阳线上穿5/10)
002052,2026-04-30,10.09,11.62,15.16,18.24,1,7,量能: 放量 (2.32X) | 动量: 突破转强 (阳线上穿5/10)
002052,2026-05-06,11.1,11.62,4.68,7.48,1,6,量能: 放量 (1.97X) | 形态: 10日内有涨停 | 趋势: 高于MA20 | 动量: 突破转强 (阳线上穿5/10)
002320,2026-04-30,8.5,8.25,-2.94,1.76,0,7,趋势: 高于MA20 | 动量: 突破转强 (阳线上穿5/10)
002320,2026-05-06,8.52,8.25,-3.17,1.53,0,6,趋势: 高于MA20 | 动量: 突破转强 (阳线上穿5/10)
600281,2026-04-30,5.6,5.39,-3.75,1.96,0,7,趋势: 高于MA20
600281,2026-05-06,5.7,5.39,-5.44,0.18,0,6,趋势: 高于MA20 | 动量: 突破转强 (阳线上穿5/10)
600429,2026-04-30,6.09,5.34,-12.32,-2.13,0,7,趋势: 多头排列 (5>20>60) | 趋势: 高于MA20 | 动量: 突破转强 (阳线上穿5/10)
600429,2026-05-06,5.96,5.34,-10.4,-1.85,0,6,趋势: 多头排列 (5>20>60) | 趋势: 高于MA20
600172,2026-04-30,8.43,11.83,40.33,40.45,1,7,趋势: 高于MA20
600172,2026-05-06,8.77,11.83,34.89,35.01,1,6,趋势: 高于MA20 | 动量: 突破转强 (阳线上穿5/10)
600330,2026-04-30,27.89,32.8,17.6,25.74,1,7,"趋势: 多头排列 (5>20>60) | 形态: 10日内有涨停 | 形态: 两连阴 (-3.65%, -2.88%) | 趋势: 高于MA20 | 动量: 突破转强 (阳线上穿5/10)"
600330,2026-05-06,27.01,32.8,21.44,29.84,1,6,趋势: 多头排列 (5>20>60) | 形态: 10日内有涨停 | 趋势: 高于MA20
002264,2026-04-30,8.35,8.2,-1.8,4.07,0,7,趋势: 高于MA20 | 动量: 突破转强 (阳线上穿5/10)
002264,2026-05-06,8.47,8.2,-3.19,2.6,0,6,趋势: 高于MA20 | 动量: 突破转强 (阳线上穿5/10)
000700,2026-04-30,12.04,13.05,8.39,20.43,1,7,趋势: 高于MA20 | 动量: 突破转强 (阳线上穿5/10)
000700,2026-05-06,12.33,13.05,5.84,17.6,1,6,趋势: 高于MA20 | 动量: 突破转强 (阳线上穿5/10)
600888,2026-04-30,8.62,8.58,-0.46,2.2,0,7,趋势: 高于MA20
600888,2026-05-06,8.74,8.58,-1.83,0.8,0,6,趋势: 高于MA20 | 动量: 突破转强 (阳线上穿5/10)
002414,2026-04-30,14.83,14.16,-4.52,2.16,0,7,趋势: 高于MA20 | 动量: 突破转强 (阳线上穿5/10)
002414,2026-05-06,15.15,14.16,-6.53,-0.13,0,6,趋势: 高于MA20 | 动量: 突破转强 (阳线上穿5/10)
605300,2026-04-30,11.1,10.75,-3.15,1.17,0,7,趋势: 高于MA20 | 动量: 突破转强 (阳线上穿5/10)
605300,2026-05-06,11.19,10.75,-3.93,0.36,0,6,趋势: 高于MA20 | 动量: 突破转强 (阳线上穿5/10)
600629,2026-04-30,20.4,21.66,6.18,7.89,1,3,"形态: 两连阴 (-1.28%, -0.40%)"
600629,2026-05-06,21.31,21.66,1.64,3.28,1,2,量能: 放量 (1.66X) | 趋势: 高于MA20 | 动量: 突破转强 (阳线上穿5/10)
603323,2026-04-30,4.97,4.84,-2.62,-0.8,0,7,量能: 放量 (1.63X) | 趋势: 高于MA20 | 动量: 突破转强 (阳线上穿5/10)
603323,2026-05-06,4.93,4.84,-1.83,-0.2,0,6,趋势: 高于MA20
000061,2026-04-30,7.38,7.42,0.54,2.03,1,3,趋势: 高于MA20
000061,2026-05-06,7.53,7.42,-1.46,-1.46,0,2,量能: 放量 (1.53X) | 趋势: 高于MA20 | 动量: 突破转强 (阳线上穿5/10)
000006,2026-04-30,9.7,9.45,-2.58,-2.37,0,3,趋势: 多头排列 (5>20>60) | 趋势: 高于MA20 | 动量: 突破转强 (阳线上穿5/10)
000006,2026-05-06,9.47,9.45,-0.21,-0.21,0,2,趋势: 多头排列 (5>20>60) | 趋势: 高于MA20
600886,2026-04-30,13.63,13.38,-1.83,0.22,0,7,量能: 放量 (1.91X) | 趋势: 高于MA20 | 动量: 突破转强 (阳线上穿5/10)
600886,2026-05-06,13.66,13.38,-2.05,-0.37,0,6,趋势: 高于MA20 | 动量: 突破转强 (阳线上穿5/10)
600538,2026-04-30,6.72,6.9,2.68,2.68,1,3,"趋势: 多头排列 (5>20>60) | 形态: 两连阴 (-3.09%, -0.72%) | 趋势: 高于MA20"
600538,2026-05-06,6.5,6.9,6.15,6.15,1,2,"趋势: 多头排列 (5>20>60) | 形态: 两连阴 (-0.72%, -1.90%)"
600814,2026-04-30,7.77,7.72,-0.64,-0.64,0,3,趋势: 高于MA20 | 动量: 突破转强 (阳线上穿5/10)
600814,2026-05-06,7.69,7.72,0.39,0.39,1,2,趋势: 高于MA20
603707,2026-04-30,9.18,8.83,-3.81,0.0,0,7,量能: 放量 (2.10X)
603311,2026-04-30,19.75,23.1,16.96,16.96,1,5,趋势: 多头排列 (5>20>60) | 趋势: 高于MA20
603311,2026-05-06,20.0,23.1,15.5,15.5,1,4,趋势: 多头排列 (5>20>60) | 趋势: 高于MA20 | 动量: 突破转强 (阳线上穿5/10)
002494,2026-04-30,6.21,6.35,2.25,2.25,1,3,趋势: 高于MA20 | 动量: 突破转强 (阳线上穿5/10)
002494,2026-05-06,6.28,6.35,1.11,1.11,1,2,趋势: 高于MA20 | 动量: 突破转强 (阳线上穿5/10)
600877,2026-04-30,16.45,17.76,7.96,7.96,1,3,"形态: 两连阴 (-2.91%, -3.30%)"
600877,2026-05-06,17.4,17.76,2.07,2.07,1,2,趋势: 高于MA20 | 动量: 突破转强 (阳线上穿5/10)
002774,2026-04-30,12.16,12.62,3.78,3.78,1,3,趋势: 多头排列 (5>20>60) | 趋势: 高于MA20 | 动量: 突破转强 (阳线上穿5/10)
002774,2026-05-06,12.43,12.62,1.53,1.53,1,2,趋势: 多头排列 (5>20>60) | 趋势: 高于MA20 | 动量: 突破转强 (阳线上穿5/10)
600176,2026-04-30,34.5,37.62,9.04,10.43,1,7,趋势: 多头排列 (5>20>60) | 趋势: 高于MA20
600176,2026-05-06,37.0,37.62,1.68,2.97,1,6,趋势: 多头排列 (5>20>60) | 趋势: 高于MA20 | 动量: 突破转强 (阳线上穿5/10)
002678,2026-04-30,5.99,6.28,4.84,4.84,1,3,量能: 放量 (1.53X) | 趋势: 高于MA20 | 动量: 突破转强 (阳线上穿5/10)
002678,2026-05-06,6.07,6.28,3.46,3.46,1,2,趋势: 多头排列 (5>20>60) | 趋势: 高于MA20 | 动量: 突破转强 (阳线上穿5/10)
000510,2026-05-06,15.45,14.95,-3.24,8.16,0,6,趋势: 高于MA20 | 动量: 突破转强 (阳线上穿5/10)
601933,2026-04-30,3.84,3.75,-2.34,-1.04,0,7,趋势: 高于MA20
000819,2026-04-30,16.34,17.08,4.53,4.53,1,7,"形态: 10日内有涨停 | 形态: 两连阴 (-1.37%, -1.02%) | 趋势: 高于MA20"
000819,2026-05-06,16.25,17.08,5.11,5.11,1,6,"形态: 10日内有涨停 | 形态: 两连阴 (-1.02%, -0.55%) | 趋势: 高于MA20"
002492,2026-04-30,8.04,8.23,2.36,2.36,1,3,"形态: 10日内有涨停 | 形态: 两连阴 (-2.40%, -0.37%) | 趋势: 高于MA20"
002492,2026-05-06,8.01,8.23,2.75,2.75,1,2,"形态: 10日内有涨停 | 形态: 两连阴 (-0.37%, -0.74%) | 趋势: 高于MA20"
002212,2026-04-30,7.28,7.66,5.22,5.22,1,3,"形态: 两连阴 (-1.51%, -0.77%)"
002212,2026-05-06,7.54,7.66,1.59,1.59,1,2,"形态: 两连阴 (-0.77%, -6.06%)"
605189,2026-04-30,16.95,18.15,7.08,7.08,1,3,趋势: 多头排列 (5>20>60) | 量能: 放量 (1.52X) | 趋势: 高于MA20
605189,2026-05-06,16.41,18.15,10.6,10.6,1,2,趋势: 多头排列 (5>20>60) | 量能: 放量 (1.94X)
600143,2026-04-30,17.15,18.07,5.36,5.36,1,3,趋势: 高于MA20 | 动量: 突破转强 (阳线上穿5/10)
600143,2026-05-06,17.36,18.07,4.09,4.09,1,2,趋势: 高于MA20 | 动量: 突破转强 (阳线上穿5/10)
600226,2026-04-30,5.4,5.65,4.63,6.11,1,3,趋势: 高于MA20 | 动量: 突破转强 (阳线上穿5/10)
600226,2026-05-06,5.57,5.65,1.44,2.87,1,2,趋势: 高于MA20 | 动量: 突破转强 (阳线上穿5/10)
000617,2026-05-06,9.48,9.35,-1.37,-1.05,0,2,动量: 突破转强 (阳线上穿5/10)
600499,2026-04-30,19.25,17.73,-7.9,2.13,0,7,趋势: 多头排列 (5>20>60) | 形态: 10日内有涨停 | 趋势: 高于MA20
600499,2026-05-06,19.66,17.73,-9.82,-3.15,0,6,趋势: 多头排列 (5>20>60) | 形态: 10日内有涨停 | 趋势: 高于MA20
603105,2026-04-30,9.73,10.14,4.21,7.19,1,7,"形态: 两连阴 (-10.02%, -2.44%)"
603105,2026-05-06,9.88,10.14,2.63,5.57,1,6,"形态: 两连阴 (-2.44%, -2.60%)"
601789,2026-04-30,5.89,6.22,5.6,6.62,1,3,形态: 10日内有涨停 | 趋势: 高于MA20
601789,2026-05-06,6.15,6.22,1.14,2.11,1,2,趋势: 多头排列 (5>20>60) | 形态: 10日内有涨停 | 趋势: 高于MA20 | 动量: 突破转强 (阳线上穿5/10)
000425,2026-05-06,10.12,10.25,1.28,8.4,1,6,动量: 突破转强 (阳线上穿5/10)
600736,2026-04-30,8.15,9.86,20.98,20.98,1,3,趋势: 多头排列 (5>20>60) | 形态: 10日内有涨停 | 趋势: 高于MA20
600736,2026-05-06,8.77,9.86,12.43,12.43,1,2,趋势: 多头排列 (5>20>60) | 形态: 10日内有涨停 | 趋势: 高于MA20 | 动量: 突破转强 (阳线上穿5/10)
002824,2026-04-30,25.09,27.2,8.41,10.52,1,3,"趋势: 多头排列 (5>20>60) | 形态: 两连阴 (-3.33%, -2.39%)"
002824,2026-05-06,25.21,27.2,7.89,10.0,1,2,"形态: 两连阴 (-2.39%, -2.56%)"
002527,2026-05-06,13.17,13.9,5.54,5.54,1,2,动量: 突破转强 (阳线上穿5/10)
002331,2026-04-30,9.27,9.72,4.85,4.85,1,3,形态: 10日内有涨停 | 趋势: 高于MA20
002331,2026-05-06,9.35,9.72,3.96,3.96,1,2,形态: 10日内有涨停 | 趋势: 高于MA20 | 动量: 突破转强 (阳线上穿5/10)
605336,2026-04-30,16.68,17.67,5.94,12.29,1,7,趋势: 多头排列 (5>20>60) | 趋势: 高于MA20
605336,2026-05-06,16.9,17.67,4.56,10.83,1,6,"趋势: 多头排列 (5>20>60) | 形态: 两连阴 (-1.69%, -1.18%) | 趋势: 高于MA20 | 动量: 突破转强 (阳线上穿5/10)"
600969,2026-04-30,9.93,11.22,12.99,12.99,1,3,趋势: 高于MA20
600969,2026-05-06,10.05,11.22,11.64,11.64,1,2,趋势: 高于MA20
603898,2026-04-30,13.81,12.57,-8.98,-3.98,0,7,形态: 10日内有涨停 | 趋势: 高于MA20 | 动量: 突破转强 (阳线上穿5/10)
603898,2026-05-06,13.24,12.57,-5.06,0.15,0,6,形态: 10日内有涨停
000632,2026-04-30,3.9,4.41,13.08,13.08,1,7,"形态: 两连阴 (-9.98%, -1.20%)"
000632,2026-05-06,3.71,4.41,18.87,18.87,1,6,"形态: 两连阴 (-1.20%, -4.88%)"
000758,2026-04-30,7.01,7.4,5.56,9.27,1,7,趋势: 高于MA20
000758,2026-05-06,7.27,7.4,1.79,5.36,1,6,趋势: 高于MA20 | 动量: 突破转强 (阳线上穿5/10)
002969,2026-04-30,22.6,20.68,-8.5,3.1,0,7,形态: 10日内有涨停
002969,2026-05-06,23.1,20.68,-10.48,0.87,0,6,形态: 10日内有涨停 | 趋势: 高于MA20 | 动量: 突破转强 (阳线上穿5/10)
002798,2026-04-30,7.93,8.26,4.16,6.94,1,7,趋势: 多头排列 (5>20>60) | 趋势: 高于MA20 | 动量: 突破转强 (阳线上穿5/10)
002798,2026-05-06,8.15,8.26,1.35,4.05,1,6,趋势: 多头排列 (5>20>60) | 趋势: 高于MA20 | 动量: 突破转强 (阳线上穿5/10)
002571,2026-04-30,11.42,11.93,4.47,6.57,1,7,"形态: 两连阴 (-1.22%, -0.88%)"
002036,2026-04-30,7.68,8.62,12.24,17.19,1,7,"形态: 两连阴 (-9.94%, -3.07%)"
002036,2026-05-06,7.9,8.62,9.11,13.92,1,6,"形态: 两连阴 (-3.07%, -2.78%)"
001217,2026-04-30,12.02,11.56,-3.83,-0.83,0,7,趋势: 高于MA20
001217,2026-05-06,11.9,11.56,-2.86,0.17,0,6,趋势: 高于MA20
603506,2026-04-30,13.53,13.11,-3.1,0.15,0,7,量能: 放量 (1.66X) | 趋势: 高于MA20 | 动量: 突破转强 (阳线上穿5/10)
603506,2026-05-06,13.41,13.11,-2.24,1.04,0,6,趋势: 高于MA20
603012,2026-04-30,8.66,9.55,10.28,10.28,1,3,趋势: 多头排列 (5>20>60) | 趋势: 高于MA20
603012,2026-05-06,8.75,9.55,9.14,9.14,1,2,趋势: 多头排列 (5>20>60) | 趋势: 高于MA20
600435,2026-05-06,14.96,15.23,1.8,1.8,1,2,量能: 放量 (1.56X) | 趋势: 高于MA20 | 动量: 突破转强 (阳线上穿5/10)
000993,2026-05-06,12.59,13.76,9.29,16.04,1,6,"形态: 两连阴 (-2.44%, -1.29%) | 趋势: 高于MA20"
000655,2026-05-06,8.44,7.94,-5.92,-0.95,0,6,动量: 突破转强 (阳线上穿5/10)
002029,2026-04-30,11.12,11.46,3.06,3.06,1,3,形态: 10日内有涨停 | 趋势: 高于MA20
002029,2026-05-06,11.29,11.46,1.51,1.51,1,2,形态: 10日内有涨停 | 趋势: 高于MA20 | 动量: 突破转强 (阳线上穿5/10)
601058,2026-04-30,13.92,12.93,-7.11,-1.01,0,7,趋势: 高于MA20
601058,2026-05-06,13.78,12.93,-6.17,0.0,0,6,"形态: 两连阴 (-1.31%, -2.73%) | 趋势: 高于MA20"
603901,2026-05-06,12.58,12.99,3.26,3.26,1,2,趋势: 高于MA20
002137,2026-04-30,8.26,8.49,2.78,2.78,1,3,趋势: 高于MA20
002137,2026-05-06,8.37,8.49,1.43,1.43,1,2,趋势: 高于MA20 | 动量: 突破转强 (阳线上穿5/10)
601212,2026-05-06,7.99,7.49,-6.26,1.5,0,6,量能: 放量 (1.67X) | 趋势: 高于MA20 | 动量: 突破转强 (阳线上穿5/10)
600493,2026-04-30,7.56,7.6,0.53,0.79,1,3,趋势: 高于MA20 | 动量: 突破转强 (阳线上穿5/10)
600493,2026-05-06,7.62,7.6,-0.26,-0.26,0,2,趋势: 高于MA20 | 动量: 突破转强 (阳线上穿5/10)
002732,2026-04-30,16.42,15.8,-3.78,-0.67,0,7,趋势: 高于MA20
002732,2026-05-06,16.29,15.8,-3.01,0.12,0,6,趋势: 高于MA20
002105,2026-04-30,6.79,6.77,-0.29,-0.29,0,3,趋势: 高于MA20 | 动量: 突破转强 (阳线上穿5/10)
002105,2026-05-06,6.73,6.77,0.59,0.59,1,2,趋势: 高于MA20
600215,2026-04-30,6.84,7.14,4.39,4.39,1,3,"量能: 放量 (2.16X) | 形态: 两连阴 (-2.99%, -0.31%) | 趋势: 高于MA20 | 动量: 突破转强 (阳线上穿5/10)"
600215,2026-05-06,6.99,7.14,2.15,2.15,1,2,趋势: 高于MA20 | 动量: 突破转强 (阳线上穿5/10)
605122,2026-04-30,14.72,14.87,1.02,1.02,1,3,"量能: 放量 (1.64X) | 形态: 两连阴 (-0.43%, -0.14%) | 趋势: 高于MA20 | 动量: 突破转强 (阳线上穿5/10)"
605122,2026-05-06,14.65,14.87,1.5,1.5,1,2,趋势: 高于MA20
002702,2026-04-30,6.01,6.17,2.66,2.66,1,3,趋势: 高于MA20 | 动量: 突破转强 (阳线上穿5/10)
002702,2026-05-06,6.05,6.17,1.98,1.98,1,2,趋势: 高于MA20 | 动量: 突破转强 (阳线上穿5/10)
000589,2026-04-30,5.03,5.03,0.0,0.2,0,3,趋势: 高于MA20
000589,2026-05-06,5.01,5.03,0.4,0.6,1,2,趋势: 高于MA20
600222,2026-04-30,6.8,7.44,9.41,9.41,1,3,量能: 放量 (1.68X)
002556,2026-04-30,6.33,6.0,-5.21,-3.0,0,3,趋势: 高于MA20
002999,2026-04-30,7.27,7.2,-0.96,-0.28,0,3,"形态: 10日内有涨停 | 形态: 两连阴 (-0.68%, -0.14%) | 趋势: 高于MA20"
002999,2026-05-06,7.25,7.2,-0.69,-0.69,0,2,"形态: 10日内有涨停 | 形态: 两连阴 (-0.14%, -0.82%) | 趋势: 高于MA20"
001210,2026-04-30,21.35,24.3,13.82,13.82,1,5,趋势: 高于MA20 | 动量: 突破转强 (阳线上穿5/10)
001210,2026-05-06,21.54,24.3,12.81,12.81,1,4,趋势: 高于MA20 | 动量: 突破转强 (阳线上穿5/10)
601566,2026-04-30,10.86,11.02,1.47,3.22,1,7,趋势: 高于MA20 | 动量: 突破转强 (阳线上穿5/10)
601566,2026-05-06,10.85,11.02,1.57,3.32,1,6,趋势: 高于MA20
603500,2026-05-06,10.48,10.5,0.19,0.19,1,2,量能: 放量 (1.76X)
603817,2026-04-30,7.36,7.06,-4.08,1.9,0,7,趋势: 高于MA20 | 动量: 突破转强 (阳线上穿5/10)
603817,2026-05-06,7.5,7.06,-5.87,-0.4,0,6,趋势: 高于MA20 | 动量: 突破转强 (阳线上穿5/10)
605008,2026-04-30,12.05,12.25,1.66,2.66,1,7,动量: 突破转强 (阳线上穿5/10)
605008,2026-05-06,12.2,12.25,0.41,1.39,1,6,趋势: 高于MA20 | 动量: 突破转强 (阳线上穿5/10)
600203,2026-04-30,12.21,12.73,4.26,8.6,1,7,"形态: 两连阴 (-3.64%, -0.33%) | 趋势: 高于MA20"
600203,2026-05-06,12.88,12.73,-1.16,2.95,0,6,量能: 放量 (1.54X) | 趋势: 高于MA20 | 动量: 突破转强 (阳线上穿5/10)
002541,2026-05-06,19.44,18.58,-4.42,4.73,0,6,"形态: 两连阴 (-1.79%, -4.43%)"
603602,2026-04-30,13.18,13.61,3.26,3.26,1,3,趋势: 高于MA20 | 动量: 突破转强 (阳线上穿5/10)
603602,2026-05-06,13.37,13.61,1.8,1.8,1,2,趋势: 高于MA20 | 动量: 突破转强 (阳线上穿5/10)
600268,2026-05-06,15.6,15.43,-1.09,0.77,0,2,趋势: 高于MA20 | 动量: 突破转强 (阳线上穿5/10)
600095,2026-05-06,9.15,9.09,-0.66,-0.66,0,2,动量: 突破转强 (阳线上穿5/10)
600703,2026-04-30,13.67,15.28,11.78,11.78,1,3,"形态: 10日内有涨停 | 形态: 两连阴 (-5.02%, -0.36%) | 趋势: 高于MA20"
600703,2026-05-06,14.68,15.28,4.09,4.09,1,2,"形态: 10日内有涨停 | 形态: 两连阴 (-0.36%, -1.94%) | 趋势: 高于MA20 | 动量: 突破转强 (阳线上穿5/10)"
603626,2026-04-30,25.16,25.45,1.15,10.1,1,7,趋势: 多头排列 (5>20>60) | 形态: 10日内有涨停 | 趋势: 高于MA20 | 动量: 突破转强 (阳线上穿5/10)
603626,2026-05-06,25.44,25.45,0.04,8.88,1,6,趋势: 多头排列 (5>20>60) | 形态: 10日内有涨停 | 趋势: 高于MA20 | 动量: 突破转强 (阳线上穿5/10)
603587,2026-04-30,13.34,13.17,-1.27,-0.97,0,5,量能: 放量 (1.51X) | 趋势: 高于MA20 | 动量: 突破转强 (阳线上穿5/10)
603587,2026-05-06,13.19,13.17,-0.15,0.15,0,4,趋势: 高于MA20
600929,2026-04-30,6.93,6.62,-4.47,3.9,0,7,趋势: 多头排列 (5>20>60) | 趋势: 高于MA20
600929,2026-05-06,6.86,6.62,-3.5,4.96,0,6,趋势: 多头排列 (5>20>60) | 趋势: 高于MA20
002846,2026-04-30,15.4,15.71,2.01,3.57,1,3,形态: 10日内有涨停 | 趋势: 高于MA20
002846,2026-05-06,15.95,15.71,-1.5,-0.82,0,2,趋势: 多头排列 (5>20>60) | 形态: 10日内有涨停 | 趋势: 高于MA20 | 动量: 突破转强 (阳线上穿5/10)
002559,2026-04-30,10.32,10.88,5.43,6.49,1,3,趋势: 多头排列 (5>20>60) | 趋势: 高于MA20
002559,2026-05-06,10.58,10.88,2.84,3.88,1,2,趋势: 多头排列 (5>20>60) | 趋势: 高于MA20
600603,2026-04-30,5.86,5.78,-1.37,-1.37,0,3,"形态: 两连阴 (-3.28%, -1.02%)"
600986,2026-04-30,9.99,11.01,10.21,11.81,1,3,形态: 10日内有涨停
600986,2026-05-06,10.57,11.01,4.16,5.68,1,2,形态: 10日内有涨停
002968,2026-04-30,12.32,12.17,-1.22,-1.06,0,3,趋势: 高于MA20 | 动量: 突破转强 (阳线上穿5/10)
002968,2026-05-06,12.19,12.17,-0.16,-0.16,0,2,趋势: 高于MA20
002378,2026-04-30,33.86,31.71,-6.35,2.22,0,7,量能: 放量 (1.58X) | 形态: 10日内有涨停 | 趋势: 高于MA20 | 动量: 突破转强 (阳线上穿5/10)
002378,2026-05-06,34.61,31.71,-8.38,-0.2,0,6,形态: 10日内有涨停 | 趋势: 高于MA20 | 动量: 突破转强 (阳线上穿5/10)
000922,2026-04-30,14.78,15.53,5.07,5.07,1,3,趋势: 高于MA20 | 动量: 突破转强 (阳线上穿5/10)
000922,2026-05-06,15.25,15.53,1.84,1.84,1,2,趋势: 高于MA20 | 动量: 突破转强 (阳线上穿5/10)
002184,2026-04-30,11.69,12.03,2.91,3.08,1,3,量能: 放量 (1.55X) | 趋势: 高于MA20 | 动量: 突破转强 (阳线上穿5/10)
002184,2026-05-06,11.93,12.03,0.84,1.01,1,2,趋势: 高于MA20 | 动量: 突破转强 (阳线上穿5/10)
000715,2026-04-30,5.99,5.72,-4.51,-1.84,0,7,形态: 10日内有涨停 | 趋势: 高于MA20
000715,2026-05-06,5.88,5.72,-2.72,0.0,0,6,形态: 10日内有涨停
605151,2026-04-30,21.76,22.82,4.87,4.87,1,3,趋势: 高于MA20 | 动量: 突破转强 (阳线上穿5/10)
605151,2026-05-06,21.91,22.82,4.15,4.15,1,2,趋势: 高于MA20 | 动量: 突破转强 (阳线上穿5/10)
603856,2026-04-30,13.09,13.03,-0.46,-0.46,0,3,趋势: 高于MA20
603856,2026-05-06,13.0,13.03,0.23,0.23,1,2,趋势: 高于MA20
600428,2026-05-06,8.54,8.33,-2.46,-0.47,0,6,"形态: 两连阴 (-4.98%, -0.23%)"
002056,2026-05-06,19.6,19.75,0.77,2.24,1,6,趋势: 高于MA20 | 动量: 突破转强 (阳线上穿5/10)
601187,2026-04-30,7.72,7.52,-2.59,-0.39,0,7,趋势: 多头排列 (5>20>60) | 趋势: 高于MA20
601187,2026-05-06,7.69,7.52,-2.21,-1.82,0,6,趋势: 多头排列 (5>20>60) | 趋势: 高于MA20
603399,2026-04-30,19.39,21.1,8.82,23.72,1,7,趋势: 多头排列 (5>20>60) | 形态: 10日内有涨停 | 趋势: 高于MA20 | 动量: 突破转强 (阳线上穿5/10)
603399,2026-05-06,21.33,21.1,-1.08,12.47,0,6,趋势: 多头排列 (5>20>60) | 形态: 10日内有涨停 | 趋势: 高于MA20 | 动量: 突破转强 (阳线上穿5/10)
002196,2026-05-06,14.19,13.96,-1.62,6.2,0,6,趋势: 高于MA20 | 动量: 突破转强 (阳线上穿5/10)
000582,2026-04-30,11.56,13.67,18.25,18.25,1,3,趋势: 多头排列 (5>20>60) | 趋势: 高于MA20 | 动量: 突破转强 (阳线上穿5/10)
000582,2026-05-06,12.14,13.67,12.6,12.6,1,2,趋势: 多头排列 (5>20>60) | 量能: 放量 (1.77X) | 趋势: 高于MA20 | 动量: 突破转强 (阳线上穿5/10)
002337,2026-04-30,6.24,6.28,0.64,1.28,1,3,趋势: 高于MA20 | 动量: 突破转强 (阳线上穿5/10)
002337,2026-05-06,6.32,6.28,-0.63,-0.63,0,2,趋势: 高于MA20 | 动量: 突破转强 (阳线上穿5/10)
600601,2026-04-30,11.67,13.2,13.11,22.62,1,7,趋势: 多头排列 (5>20>60) | 形态: 10日内有涨停 | 趋势: 高于MA20
600601,2026-05-06,11.86,13.2,11.3,20.66,1,6,趋势: 多头排列 (5>20>60) | 形态: 10日内有涨停 | 趋势: 高于MA20 | 动量: 突破转强 (阳线上穿5/10)
603598,2026-04-30,20.8,23.03,10.72,20.67,1,7,趋势: 高于MA20
603598,2026-05-06,21.84,23.03,5.45,14.93,1,6,量能: 放量 (1.59X) | 趋势: 高于MA20 | 动量: 突破转强 (阳线上穿5/10)
603321,2026-04-30,7.74,7.47,-3.49,97.29,0,7,趋势: 高于MA20 | 动量: 突破转强 (阳线上穿5/10)
603321,2026-05-06,7.68,7.47,-2.73,98.83,0,6,趋势: 高于MA20
603677,2026-04-30,15.74,16.24,3.18,3.18,1,3,趋势: 高于MA20
603677,2026-05-06,15.97,16.24,1.69,1.69,1,2,趋势: 高于MA20 | 动量: 突破转强 (阳线上穿5/10)
000612,2026-04-30,13.29,12.66,-4.74,3.01,0,7,趋势: 高于MA20
000612,2026-05-06,13.69,12.66,-7.52,-1.1,0,6,趋势: 高于MA20 | 动量: 突破转强 (阳线上穿5/10)
002205,2026-04-30,13.38,14.06,5.08,5.08,1,3,趋势: 高于MA20 | 动量: 突破转强 (阳线上穿5/10)
002205,2026-05-06,13.43,14.06,4.69,4.69,1,2,趋势: 高于MA20 | 动量: 突破转强 (阳线上穿5/10)
000630,2026-05-06,6.5,6.69,2.92,7.38,1,6,量能: 放量 (1.58X) | 趋势: 高于MA20 | 动量: 突破转强 (阳线上穿5/10)
603165,2026-04-30,17.4,18.61,6.95,6.95,1,3,趋势: 多头排列 (5>20>60) | 趋势: 高于MA20 | 动量: 突破转强 (阳线上穿5/10)
603165,2026-05-06,17.74,18.61,4.9,4.9,1,2,趋势: 多头排列 (5>20>60) | 趋势: 高于MA20 | 动量: 突破转强 (阳线上穿5/10)
600258,2026-04-30,15.65,14.06,-10.16,-4.35,0,7,趋势: 高于MA20
002095,2026-05-06,16.52,16.72,1.21,1.21,1,2,趋势: 高于MA20 | 动量: 突破转强 (阳线上穿5/10)
002871,2026-04-30,18.44,20.42,10.74,12.58,1,7,趋势: 高于MA20 | 动量: 突破转强 (阳线上穿5/10)
002871,2026-05-06,20.28,20.42,0.69,2.37,1,6,量能: 放量 (1.87X) | 形态: 10日内有涨停 | 趋势: 高于MA20 | 动量: 突破转强 (阳线上穿5/10)
600497,2026-04-30,8.98,10.88,21.16,21.16,1,7,趋势: 高于MA20
600497,2026-05-06,9.36,10.88,16.24,16.24,1,6,趋势: 高于MA20 | 动量: 突破转强 (阳线上穿5/10)
600185,2026-04-30,5.94,5.83,-1.85,0.34,0,7,趋势: 高于MA20
600185,2026-05-06,5.83,5.83,0.0,2.23,0,6,趋势: 高于MA20
002268,2026-05-06,16.1,16.39,1.8,1.8,1,2,动量: 突破转强 (阳线上穿5/10)
002358,2026-04-30,7.41,7.47,0.81,6.88,1,7,趋势: 高于MA20
002358,2026-05-06,7.59,7.47,-1.58,4.35,0,6,趋势: 高于MA20 | 动量: 突破转强 (阳线上穿5/10)
002611,2026-05-06,17.54,18.79,7.13,10.21,1,4,趋势: 高于MA20 | 动量: 突破转强 (阳线上穿5/10)
002459,2026-04-30,10.87,10.94,0.64,0.64,1,3,趋势: 高于MA20
002459,2026-05-06,10.91,10.94,0.27,0.27,1,2,趋势: 高于MA20 | 动量: 突破转强 (阳线上穿5/10)
002585,2026-04-30,7.75,8.36,7.87,13.29,1,7,趋势: 高于MA20
002585,2026-05-06,8.16,8.36,2.45,7.6,1,6,趋势: 多头排列 (5>20>60) | 趋势: 高于MA20 | 动量: 突破转强 (阳线上穿5/10)
603803,2026-04-30,14.3,16.76,17.2,20.42,1,7,形态: 10日内有涨停
603803,2026-05-06,14.79,16.76,13.32,16.43,1,6,形态: 10日内有涨停 | 趋势: 高于MA20 | 动量: 突破转强 (阳线上穿5/10)
600415,2026-04-30,13.25,13.53,2.11,2.11,1,7,"形态: 两连阴 (-0.72%, -2.03%) | 趋势: 高于MA20"
600415,2026-05-06,13.26,13.53,2.04,2.04,1,6,"形态: 两连阴 (-2.03%, -1.85%) | 趋势: 高于MA20"
603958,2026-04-30,24.26,23.86,-1.65,-1.65,0,3,趋势: 多头排列 (5>20>60) | 趋势: 高于MA20
603958,2026-05-06,23.37,23.86,2.1,2.1,1,2,趋势: 多头排列 (5>20>60)
002565,2026-04-30,19.02,19.95,4.89,14.56,1,5,趋势: 多头排列 (5>20>60) | 形态: 10日内有涨停 | 趋势: 高于MA20
002565,2026-05-06,19.2,19.95,3.91,13.49,1,4,趋势: 多头排列 (5>20>60) | 形态: 10日内有涨停 | 趋势: 高于MA20
600697,2026-04-30,12.55,12.47,-0.64,1.43,0,7,趋势: 高于MA20 | 动量: 突破转强 (阳线上穿5/10)
600697,2026-05-06,12.7,12.47,-1.81,0.24,0,6,趋势: 高于MA20 | 动量: 突破转强 (阳线上穿5/10)
000829,2026-04-30,11.7,10.61,-9.32,0.77,0,7,趋势: 多头排列 (5>20>60) | 趋势: 高于MA20 | 动量: 突破转强 (阳线上穿5/10)
000829,2026-05-06,11.79,10.61,-10.01,-0.51,0,6,趋势: 多头排列 (5>20>60) | 趋势: 高于MA20 | 动量: 突破转强 (阳线上穿5/10)
600970,2026-05-06,9.35,8.91,-4.71,2.35,0,6,"形态: 两连阴 (-4.81%, -1.79%)"
605069,2026-04-30,14.19,15.88,11.91,11.91,1,3,趋势: 高于MA20
605069,2026-05-06,14.32,15.88,10.89,10.89,1,2,趋势: 高于MA20 | 动量: 突破转强 (阳线上穿5/10)
601339,2026-04-30,9.29,8.61,-7.32,1.61,0,3,趋势: 多头排列 (5>20>60) | 趋势: 高于MA20 | 动量: 突破转强 (阳线上穿5/10)
601339,2026-05-06,9.12,8.61,-5.59,3.51,0,2,趋势: 多头排列 (5>20>60) | 趋势: 高于MA20
600730,2026-04-30,8.97,10.38,15.72,15.72,1,3,趋势: 高于MA20 | 动量: 突破转强 (阳线上穿5/10)
600730,2026-05-06,9.42,10.38,10.19,10.19,1,2,趋势: 高于MA20 | 动量: 突破转强 (阳线上穿5/10)
600359,2026-04-30,7.62,7.43,-2.49,2.23,0,7,量能: 放量 (1.77X) | 趋势: 高于MA20 | 动量: 突破转强 (阳线上穿5/10)
600359,2026-05-06,7.79,7.43,-4.62,-1.41,0,6,趋势: 高于MA20 | 动量: 突破转强 (阳线上穿5/10)
002083,2026-05-06,11.42,11.03,-3.42,-2.1,0,2,动量: 突破转强 (阳线上穿5/10)
002339,2026-04-30,9.89,9.94,0.51,5.76,1,7,"形态: 两连阴 (-1.78%, -0.20%)"
002339,2026-05-06,10.22,9.94,-2.74,2.35,0,6,"形态: 两连阴 (-0.20%, -0.40%)"
605136,2026-04-30,10.94,10.58,-3.29,1.28,0,7,趋势: 高于MA20 | 动量: 突破转强 (阳线上穿5/10)
605136,2026-05-06,11.02,10.58,-3.99,0.54,0,6,趋势: 高于MA20 | 动量: 突破转强 (阳线上穿5/10)
000949,2026-04-30,8.08,7.67,-5.07,2.6,0,3,趋势: 多头排列 (5>20>60) | 形态: 10日内有涨停 | 趋势: 高于MA20 | 动量: 突破转强 (阳线上穿5/10)
000949,2026-05-06,8.29,7.67,-7.48,-4.34,0,2,趋势: 多头排列 (5>20>60) | 形态: 10日内有涨停 | 趋势: 高于MA20 | 动量: 突破转强 (阳线上穿5/10)
603112,2026-04-30,20.75,22.29,7.42,9.16,1,7,趋势: 多头排列 (5>20>60) | 趋势: 高于MA20
603112,2026-05-06,22.31,22.29,-0.09,1.52,0,6,"趋势: 多头排列 (5>20>60) | 量能: 放量 (1.50X) | 形态: 两连阴 (-1.70%, -0.53%) | 趋势: 高于MA20 | 动量: 突破转强 (阳线上穿5/10)"
002204,2026-04-30,6.85,6.76,-1.31,-0.73,0,3,趋势: 高于MA20
002204,2026-05-06,6.8,6.76,-0.59,-0.59,0,2,"形态: 两连阴 (-0.29%, -0.29%)"
600106,2026-04-30,5.94,6.01,1.18,3.03,1,5,"量能: 放量 (1.70X) | 形态: 两连阴 (-0.49%, -1.31%)"
600106,2026-05-06,6.12,6.01,-1.8,-0.16,0,4,"量能: 放量 (1.60X) | 形态: 两连阴 (-1.31%, -1.16%) | 趋势: 高于MA20 | 动量: 突破转强 (阳线上穿5/10)"
603058,2026-05-06,11.65,12.06,3.52,3.52,1,2,动量: 突破转强 (阳线上穿5/10)
600667,2026-05-06,10.16,12.66,24.61,30.51,1,6,量能: 放量 (1.70X) | 趋势: 高于MA20 | 动量: 突破转强 (阳线上穿5/10)
603776,2026-04-30,19.83,19.81,-0.1,0.15,0,3,趋势: 多头排列 (5>20>60) | 趋势: 高于MA20
603776,2026-05-06,19.86,19.81,-0.25,-0.25,0,2,趋势: 多头排列 (5>20>60) | 趋势: 高于MA20
002802,2026-04-30,13.9,14.85,6.83,6.83,1,3,"趋势: 多头排列 (5>20>60) | 形态: 10日内有涨停 | 形态: 两连阴 (-2.03%, -0.90%)"
002802,2026-05-06,14.2,14.85,4.58,4.58,1,2,"趋势: 多头排列 (5>20>60) | 形态: 两连阴 (-0.90%, -2.93%) | 趋势: 高于MA20"
000338,2026-04-30,31.2,34.2,9.62,12.18,1,7,趋势: 多头排列 (5>20>60) | 趋势: 高于MA20 | 动量: 突破转强 (阳线上穿5/10)
000338,2026-05-06,34.32,34.2,-0.35,1.98,0,6,趋势: 多头排列 (5>20>60) | 形态: 10日内有涨停 | 趋势: 高于MA20 | 动量: 突破转强 (阳线上穿5/10)
002166,2026-04-30,8.78,8.76,-0.23,6.38,0,7,"形态: 两连阴 (-0.46%, -0.12%) | 动量: 突破转强 (阳线上穿5/10)"
002166,2026-05-06,8.91,8.76,-1.68,4.83,0,6,趋势: 高于MA20 | 动量: 突破转强 (阳线上穿5/10)
002584,2026-04-30,8.05,8.09,0.5,1.61,1,3,趋势: 高于MA20 | 动量: 突破转强 (阳线上穿5/10)
002584,2026-05-06,8.12,8.09,-0.37,0.74,0,2,趋势: 高于MA20 | 动量: 突破转强 (阳线上穿5/10)
605033,2026-04-30,23.24,23.28,0.17,0.17,1,3,量能: 放量 (1.69X) | 趋势: 高于MA20 | 动量: 突破转强 (阳线上穿5/10)
605033,2026-05-06,23.09,23.28,0.82,0.82,1,2,趋势: 高于MA20
000837,2026-04-30,11.11,11.8,6.21,6.21,1,3,趋势: 高于MA20 | 动量: 突破转强 (阳线上穿5/10)
000837,2026-05-06,11.15,11.8,5.83,5.83,1,2,趋势: 高于MA20 | 动量: 突破转强 (阳线上穿5/10)
603187,2026-04-30,13.98,14.03,0.36,6.44,1,7,量能: 放量 (1.79X)
603766,2026-04-30,15.36,15.33,-0.2,1.37,0,3,"趋势: 多头排列 (5>20>60) | 形态: 两连阴 (-0.39%, -0.06%) | 趋势: 高于MA20"
603766,2026-05-06,15.32,15.33,0.07,1.63,1,2,"趋势: 多头排列 (5>20>60) | 形态: 两连阴 (-0.06%, -0.19%) | 趋势: 高于MA20"
002519,2026-04-30,8.13,8.84,8.73,8.73,1,3,趋势: 高于MA20
002519,2026-05-06,8.29,8.84,6.63,6.63,1,2,趋势: 高于MA20 | 动量: 突破转强 (阳线上穿5/10)
601366,2026-04-30,4.04,3.91,-3.22,-0.25,0,7,趋势: 高于MA20
601366,2026-05-06,4.03,3.91,-2.98,0.0,0,6,趋势: 高于MA20
601008,2026-05-06,4.87,4.94,1.44,1.44,1,2,趋势: 高于MA20 | 动量: 突破转强 (阳线上穿5/10)
600897,2026-04-30,16.12,15.47,-4.03,-0.62,0,7,动量: 突破转强 (阳线上穿5/10)
002066,2026-04-30,23.33,23.33,0.0,0.0,0,3,趋势: 多头排列 (5>20>60) | 趋势: 高于MA20 | 动量: 突破转强 (阳线上穿5/10)
002066,2026-05-06,22.56,23.33,3.41,3.41,1,2,趋势: 多头排列 (5>20>60) | 趋势: 高于MA20
603990,2026-04-30,15.82,15.94,0.76,0.76,1,3,趋势: 多头排列 (5>20>60) | 量能: 放量 (1.56X) | 趋势: 高于MA20 | 动量: 突破转强 (阳线上穿5/10)
603990,2026-05-06,15.58,15.94,2.31,2.31,1,2,趋势: 多头排列 (5>20>60) | 趋势: 高于MA20
600651,2026-04-30,6.89,7.24,5.08,6.39,1,7,量能: 放量 (1.93X) | 趋势: 高于MA20 | 动量: 突破转强 (阳线上穿5/10)
600651,2026-05-06,6.87,7.24,5.39,6.7,1,6,趋势: 高于MA20
600333,2026-04-30,5.77,5.68,-1.56,0.0,0,3,趋势: 高于MA20
600333,2026-05-06,5.77,5.68,-1.56,-1.56,0,2,"形态: 两连阴 (-0.85%, -1.37%) | 趋势: 高于MA20"
000039,2026-04-30,12.39,12.6,1.69,7.83,1,7,形态: 10日内有涨停 | 趋势: 高于MA20
000039,2026-05-06,13.36,12.6,-5.69,-1.12,0,6,量能: 放量 (1.69X) | 形态: 10日内有涨停 | 趋势: 高于MA20 | 动量: 突破转强 (阳线上穿5/10)
000586,2026-04-30,17.71,18.97,7.11,12.93,1,7,"形态: 10日内有涨停 | 形态: 两连阴 (-4.20%, -0.11%)"
000586,2026-05-06,18.28,18.97,3.77,9.41,1,6,"形态: 10日内有涨停 | 形态: 两连阴 (-0.11%, -1.67%)"
002284,2026-04-30,13.29,13.0,-2.18,2.33,0,7,"量能: 放量 (1.77X) | 形态: 两连阴 (-4.85%, -0.83%)"
002255,2026-04-30,11.28,11.33,0.44,0.89,1,3,趋势: 高于MA20 | 动量: 突破转强 (阳线上穿5/10)
002255,2026-05-06,11.38,11.33,-0.44,-0.09,0,2,趋势: 高于MA20 | 动量: 突破转强 (阳线上穿5/10)
601798,2026-04-30,9.11,9.16,0.55,1.43,1,3,趋势: 高于MA20 | 动量: 突破转强 (阳线上穿5/10)
601798,2026-05-06,9.24,9.16,-0.87,-0.87,0,2,趋势: 高于MA20 | 动量: 突破转强 (阳线上穿5/10)
603679,2026-04-30,14.95,15.52,3.81,3.81,1,3,趋势: 高于MA20 | 动量: 突破转强 (阳线上穿5/10)
603679,2026-05-06,15.17,15.52,2.31,2.31,1,2,趋势: 高于MA20 | 动量: 突破转强 (阳线上穿5/10)
601279,2026-04-30,3.98,3.79,-4.77,1.51,0,7,趋势: 高于MA20 | 动量: 突破转强 (阳线上穿5/10)
601279,2026-05-06,4.0,3.79,-5.25,1.0,0,6,趋势: 高于MA20 | 动量: 突破转强 (阳线上穿5/10)
601615,2026-04-30,15.84,16.66,5.18,5.18,1,3,"形态: 两连阴 (-3.75%, -1.36%)"
001322,2026-04-30,7.19,7.29,1.39,1.39,1,3,"形态: 两连阴 (-0.55%, -0.69%)"
001322,2026-05-06,7.16,7.29,1.82,1.82,1,2,"形态: 两连阴 (-0.69%, -0.28%)"
601398,2026-04-30,7.45,7.3,-2.01,0.4,0,7,趋势: 多头排列 (5>20>60)
601398,2026-05-06,7.36,7.3,-0.82,1.63,0,6,"趋势: 多头排列 (5>20>60) | 形态: 两连阴 (-0.80%, -0.27%)"
601399,2026-04-30,4.29,4.12,-3.96,2.1,0,7,动量: 突破转强 (阳线上穿5/10)
601399,2026-05-06,4.3,4.12,-4.19,1.86,0,6,动量: 突破转强 (阳线上穿5/10)
001330,2026-04-30,8.27,9.1,10.04,11.97,1,7,形态: 10日内有涨停 | 趋势: 高于MA20 | 动量: 突破转强 (阳线上穿5/10)
001330,2026-05-06,8.67,9.1,4.96,6.81,1,6,量能: 放量 (1.53X) | 趋势: 高于MA20 | 动量: 突破转强 (阳线上穿5/10)
002188,2026-04-30,7.22,6.95,-3.74,-0.42,0,7,趋势: 高于MA20 | 动量: 突破转强 (阳线上穿5/10)
002188,2026-05-06,7.16,6.95,-2.93,0.42,0,6,趋势: 高于MA20
600692,2026-04-30,7.85,7.89,0.51,4.84,1,7,趋势: 高于MA20 | 动量: 突破转强 (阳线上穿5/10)
600692,2026-05-06,8.05,7.89,-1.99,2.24,0,6,量能: 放量 (1.54X) | 趋势: 高于MA20 | 动量: 突破转强 (阳线上穿5/10)
002254,2026-04-30,11.34,11.63,2.56,2.56,1,3,量能: 放量 (1.69X) | 趋势: 高于MA20 | 动量: 突破转强 (阳线上穿5/10)
002254,2026-05-06,11.57,11.63,0.52,0.52,1,2,趋势: 高于MA20 | 动量: 突破转强 (阳线上穿5/10)
001300,2026-04-30,18.05,18.04,-0.06,5.21,0,7,趋势: 多头排列 (5>20>60) | 趋势: 高于MA20 | 动量: 突破转强 (阳线上穿5/10)
001300,2026-05-06,17.92,18.04,0.67,5.97,1,6,趋势: 多头排列 (5>20>60) | 趋势: 高于MA20
002658,2026-05-06,8.96,9.9,10.49,10.49,1,6,趋势: 高于MA20 | 动量: 突破转强 (阳线上穿5/10)
603028,2026-04-30,8.68,9.3,7.14,12.33,1,7,趋势: 高于MA20 | 动量: 突破转强 (阳线上穿5/10)
603028,2026-05-06,8.61,9.3,8.01,13.24,1,6,趋势: 高于MA20
601233,2026-04-30,24.21,21.77,-10.08,-1.28,0,3,量能: 放量 (1.50X) | 形态: 10日内有涨停 | 趋势: 高于MA20 | 动量: 突破转强 (阳线上穿5/10)
601233,2026-05-06,23.9,21.77,-8.91,-6.61,0,2,形态: 10日内有涨停 | 趋势: 高于MA20
002734,2026-04-30,18.03,18.01,-0.11,2.22,0,3,"形态: 两连阴 (-0.44%, -0.39%) | 趋势: 高于MA20 | 动量: 突破转强 (阳线上穿5/10)"
002734,2026-05-06,18.12,18.01,-0.61,1.71,0,2,趋势: 高于MA20 | 动量: 突破转强 (阳线上穿5/10)
603819,2026-04-30,14.8,15.3,3.38,3.38,1,3,趋势: 多头排列 (5>20>60) | 形态: 10日内有涨停 | 趋势: 高于MA20 | 动量: 突破转强 (阳线上穿5/10)
603819,2026-05-06,15.01,15.3,1.93,1.93,1,2,趋势: 多头排列 (5>20>60) | 形态: 10日内有涨停 | 趋势: 高于MA20 | 动量: 突破转强 (阳线上穿5/10)
600366,2026-04-30,13.27,13.55,2.11,2.11,1,3,趋势: 高于MA20
600366,2026-05-06,13.47,13.55,0.59,0.59,1,2,趋势: 高于MA20 | 动量: 突破转强 (阳线上穿5/10)
002708,2026-04-30,13.34,14.33,7.42,7.42,1,3,趋势: 多头排列 (5>20>60) | 趋势: 高于MA20
002708,2026-05-06,13.51,14.33,6.07,6.07,1,2,趋势: 多头排列 (5>20>60) | 趋势: 高于MA20 | 动量: 突破转强 (阳线上穿5/10)
600776,2026-04-30,16.62,18.51,11.37,11.37,1,3,趋势: 高于MA20
600776,2026-05-06,17.04,18.51,8.63,8.63,1,2,"形态: 两连阴 (-0.58%, -2.46%) | 趋势: 高于MA20 | 动量: 突破转强 (阳线上穿5/10)"
000890,2026-04-30,15.66,12.91,-17.56,0.26,0,7,趋势: 多头排列 (5>20>60) | 形态: 10日内有涨停 | 趋势: 高于MA20
000890,2026-05-06,15.7,12.91,-17.77,-3.63,0,6,趋势: 多头排列 (5>20>60) | 形态: 10日内有涨停 | 趋势: 高于MA20
603045,2026-04-30,46.68,62.14,33.12,33.12,1,3,趋势: 多头排列 (5>20>60) | 形态: 10日内有涨停 | 趋势: 高于MA20 | 动量: 突破转强 (阳线上穿5/10)
603045,2026-05-06,51.35,62.14,21.01,21.01,1,2,趋势: 多头排列 (5>20>60) | 形态: 10日内有涨停 | 趋势: 高于MA20 | 动量: 突破转强 (阳线上穿5/10)
600197,2026-04-30,12.26,12.18,-0.65,-0.16,0,3,趋势: 高于MA20
600197,2026-05-06,12.24,12.18,-0.49,-0.49,0,2,趋势: 高于MA20
603997,2026-04-30,12.17,13.17,8.22,9.86,1,3,"形态: 两连阴 (-1.72%, -3.11%)"
603997,2026-05-06,12.15,13.17,8.4,10.04,1,2,量能: 放量 (1.50X)
600749,2026-04-30,16.24,16.4,0.99,0.99,1,3,"形态: 两连阴 (-4.59%, -0.65%)"
600749,2026-05-06,16.02,16.4,2.37,2.37,1,2,"形态: 两连阴 (-0.65%, -2.81%)"
603536,2026-04-30,10.53,10.24,-2.75,0.95,0,7,趋势: 高于MA20 | 动量: 突破转强 (阳线上穿5/10)
603536,2026-05-06,10.63,10.24,-3.67,-0.75,0,6,趋势: 高于MA20 | 动量: 突破转强 (阳线上穿5/10)
002096,2026-04-30,10.86,10.94,0.74,3.78,1,7,量能: 放量 (2.12X)
002278,2026-04-30,10.39,10.74,3.37,3.37,1,3,"形态: 两连阴 (-2.88%, -0.96%)"
601108,2026-04-30,8.27,8.4,1.57,3.02,1,3,趋势: 高于MA20 | 动量: 突破转强 (阳线上穿5/10)
601108,2026-05-06,8.33,8.4,0.84,2.28,1,2,趋势: 高于MA20 | 动量: 突破转强 (阳线上穿5/10)
601608,2026-04-30,6.05,6.2,2.48,2.48,1,3,"形态: 两连阴 (-0.33%, -1.16%)"
605018,2026-04-30,12.82,13.12,2.34,2.34,1,3,趋势: 多头排列 (5>20>60) | 趋势: 高于MA20 | 动量: 突破转强 (阳线上穿5/10)
605018,2026-05-06,12.82,13.12,2.34,2.34,1,2,趋势: 多头排列 (5>20>60) | 趋势: 高于MA20
603697,2026-04-30,10.56,10.5,-0.57,1.52,0,7,趋势: 高于MA20
603697,2026-05-06,10.44,10.5,0.57,2.68,1,6,趋势: 高于MA20
002575,2026-04-30,6.81,7.51,10.28,10.28,1,7,形态: 10日内有涨停
002575,2026-05-06,7.01,7.51,7.13,7.13,1,6,形态: 10日内有涨停 | 趋势: 高于MA20 | 动量: 突破转强 (阳线上穿5/10)
600100,2026-04-30,7.98,8.73,9.4,9.4,1,3,"形态: 两连阴 (-0.71%, -5.44%)"
600100,2026-05-06,8.17,8.73,6.85,6.85,1,2,"形态: 两连阴 (-5.44%, -0.13%)"
600552,2026-04-30,15.54,18.3,17.76,17.76,1,7,趋势: 多头排列 (5>20>60) | 形态: 10日内有涨停 | 趋势: 高于MA20 | 动量: 突破转强 (阳线上穿5/10)
600552,2026-05-06,15.92,18.3,14.95,14.95,1,6,趋势: 多头排列 (5>20>60) | 趋势: 高于MA20 | 动量: 突破转强 (阳线上穿5/10)
002441,2026-04-30,10.15,10.24,0.89,1.97,1,3,趋势: 高于MA20 | 动量: 突破转强 (阳线上穿5/10)
002441,2026-05-06,10.35,10.24,-1.06,0.0,0,2,趋势: 高于MA20 | 动量: 突破转强 (阳线上穿5/10)
002576,2026-04-30,18.53,19.25,3.89,3.89,1,3,趋势: 高于MA20
002576,2026-05-06,18.85,19.25,2.12,2.12,1,2,趋势: 多头排列 (5>20>60) | 趋势: 高于MA20 | 动量: 突破转强 (阳线上穿5/10)
600012,2026-04-30,15.66,15.74,0.51,0.89,1,3,趋势: 多头排列 (5>20>60) | 趋势: 高于MA20
600012,2026-05-06,15.8,15.74,-0.38,-0.38,0,2,"趋势: 多头排列 (5>20>60) | 形态: 两连阴 (-1.86%, -0.95%) | 趋势: 高于MA20"
601218,2026-04-30,6.47,6.47,0.0,3.55,0,3,趋势: 多头排列 (5>20>60) | 趋势: 高于MA20
601218,2026-05-06,6.55,6.47,-1.22,2.29,0,2,"趋势: 多头排列 (5>20>60) | 形态: 两连阴 (-1.89%, -4.15%) | 趋势: 高于MA20"
000695,2026-04-30,15.5,15.07,-2.77,2.52,0,3,趋势: 多头排列 (5>20>60) | 趋势: 高于MA20
000695,2026-05-06,15.89,15.07,-5.16,-3.27,0,2,趋势: 多头排列 (5>20>60) | 趋势: 高于MA20 | 动量: 突破转强 (阳线上穿5/10)
002094,2026-05-06,6.04,6.24,3.31,3.31,1,2,动量: 突破转强 (阳线上穿5/10)
600722,2026-04-30,13.61,13.91,2.2,4.7,1,3,动量: 突破转强 (阳线上穿5/10)
600722,2026-05-06,14.1,13.91,-1.35,1.06,0,2,趋势: 高于MA20 | 动量: 突破转强 (阳线上穿5/10)
600126,2026-04-30,8.74,9.56,9.38,9.38,1,3,"形态: 10日内有涨停 | 形态: 两连阴 (-2.97%, -0.87%)"
600126,2026-05-06,9.13,9.56,4.71,4.71,1,2,"形态: 10日内有涨停 | 形态: 两连阴 (-0.87%, -3.64%)"
002491,2026-04-30,15.8,24.65,56.01,70.57,1,7,趋势: 多头排列 (5>20>60) | 形态: 10日内有涨停 | 趋势: 高于MA20
002491,2026-05-06,17.07,24.65,44.41,57.88,1,6,趋势: 多头排列 (5>20>60) | 形态: 10日内有涨停 | 趋势: 高于MA20 | 动量: 突破转强 (阳线上穿5/10)
002682,2026-04-30,6.01,5.95,-1.0,4.33,0,7,趋势: 高于MA20 | 动量: 突破转强 (阳线上穿5/10)
002682,2026-05-06,6.02,5.95,-1.16,4.15,0,6,趋势: 高于MA20 | 动量: 突破转强 (阳线上穿5/10)
600748,2026-04-30,5.3,5.48,3.4,3.4,1,3,趋势: 多头排列 (5>20>60) | 量能: 放量 (1.52X) | 趋势: 高于MA20
600748,2026-05-06,5.05,5.48,8.51,8.51,1,2,趋势: 多头排列 (5>20>60)
605001,2026-04-30,7.51,7.52,0.13,0.8,1,3,趋势: 高于MA20 | 动量: 突破转强 (阳线上穿5/10)
605001,2026-05-06,7.57,7.52,-0.66,-0.66,0,2,趋势: 高于MA20 | 动量: 突破转强 (阳线上穿5/10)
002476,2026-04-30,5.84,5.99,2.57,2.57,1,3,"形态: 两连阴 (-0.17%, -0.51%)"
002476,2026-05-06,5.8,5.99,3.28,3.28,1,2,"形态: 两连阴 (-0.51%, -0.51%)"
002731,2026-04-30,4.35,4.35,0.0,0.0,0,3,"形态: 两连阴 (-4.93%, -4.98%)"
002731,2026-05-06,4.35,4.35,0.0,0.0,0,2,"形态: 两连阴 (-4.98%, -5.02%)"
601969,2026-04-30,12.23,11.09,-9.32,1.39,0,7,趋势: 高于MA20
601969,2026-05-06,12.4,11.09,-10.56,-2.18,0,6,趋势: 高于MA20 | 动量: 突破转强 (阳线上穿5/10)
002249,2026-04-30,9.38,9.8,4.48,4.48,1,3,量能: 放量 (1.69X) | 趋势: 高于MA20 | 动量: 突破转强 (阳线上穿5/10)
002249,2026-05-06,9.48,9.8,3.38,3.38,1,2,趋势: 高于MA20 | 动量: 突破转强 (阳线上穿5/10)
002952,2026-04-30,27.6,28.54,3.41,5.47,1,7,趋势: 多头排列 (5>20>60) | 形态: 10日内有涨停 | 趋势: 高于MA20
002952,2026-05-06,28.72,28.54,-0.63,1.36,0,6,趋势: 多头排列 (5>20>60) | 形态: 10日内有涨停 | 趋势: 高于MA20 | 动量: 突破转强 (阳线上穿5/10)
000803,2026-04-30,8.79,8.57,-2.5,0.8,0,3,趋势: 高于MA20 | 动量: 突破转强 (阳线上穿5/10)
000803,2026-05-06,8.86,8.57,-3.27,-0.68,0,2,趋势: 高于MA20 | 动量: 突破转强 (阳线上穿5/10)
603637,2026-04-30,16.88,18.53,9.77,9.77,1,3,趋势: 多头排列 (5>20>60) | 形态: 10日内有涨停 | 趋势: 高于MA20 | 动量: 突破转强 (阳线上穿5/10)
603637,2026-05-06,16.82,18.53,10.17,10.17,1,2,趋势: 多头排列 (5>20>60) | 形态: 10日内有涨停 | 趋势: 高于MA20
600302,2026-04-30,9.54,8.18,-14.26,-5.03,0,3,"形态: 两连阴 (-0.10%, -0.21%)"
000567,2026-04-30,6.67,6.43,-3.6,3.3,0,7,量能: 放量 (3.21X) | 形态: 10日内有涨停 | 趋势: 高于MA20 | 动量: 突破转强 (阳线上穿5/10)
000567,2026-05-06,6.64,6.43,-3.16,3.77,0,6,量能: 放量 (1.76X) | 形态: 10日内有涨停 | 趋势: 高于MA20
002795,2026-04-30,9.19,9.7,5.55,5.98,1,3,趋势: 多头排列 (5>20>60) | 形态: 10日内有涨停 | 趋势: 高于MA20 | 动量: 突破转强 (阳线上穿5/10)
002795,2026-05-06,9.68,9.7,0.21,0.62,1,2,趋势: 多头排列 (5>20>60) | 形态: 10日内有涨停 | 趋势: 高于MA20 | 动量: 突破转强 (阳线上穿5/10)
600148,2026-04-30,19.13,19.53,2.09,2.09,1,3,趋势: 高于MA20 | 动量: 突破转强 (阳线上穿5/10)
600148,2026-05-06,19.17,19.53,1.88,1.88,1,2,趋势: 高于MA20 | 动量: 突破转强 (阳线上穿5/10)
002283,2026-04-30,11.23,11.35,1.07,11.4,1,3,趋势: 多头排列 (5>20>60) | 趋势: 高于MA20
002283,2026-05-06,12.35,11.35,-8.1,1.3,0,2,趋势: 多头排列 (5>20>60) | 形态: 10日内有涨停 | 趋势: 高于MA20 | 动量: 突破转强 (阳线上穿5/10)
000892,2026-04-30,4.96,4.76,-4.03,0.81,0,3,"形态: 两连阴 (-3.95%, -4.12%)"
603033,2026-04-30,11.24,11.66,3.74,3.74,1,7,趋势: 多头排列 (5>20>60)
603002,2026-04-30,13.82,16.35,18.31,18.31,1,7,"趋势: 多头排列 (5>20>60) | 形态: 两连阴 (-2.64%, -2.78%) | 趋势: 高于MA20"
603002,2026-05-06,13.93,16.35,17.37,17.37,1,6,"趋势: 多头排列 (5>20>60) | 形态: 两连阴 (-2.78%, -3.63%) | 趋势: 高于MA20"
002752,2026-04-30,7.4,7.33,-0.95,3.38,0,7,趋势: 多头排列 (5>20>60) | 形态: 10日内有涨停 | 趋势: 高于MA20
002752,2026-05-06,7.55,7.33,-2.91,1.32,0,6,趋势: 多头排列 (5>20>60) | 形态: 10日内有涨停 | 趋势: 高于MA20 | 动量: 突破转强 (阳线上穿5/10)
603985,2026-04-30,26.12,28.66,9.72,11.41,1,3,趋势: 多头排列 (5>20>60) | 趋势: 高于MA20
603985,2026-05-06,28.73,28.66,-0.24,1.29,0,2,"趋势: 多头排列 (5>20>60) | 形态: 10日内有涨停 | 形态: 两连阴 (-2.00%, -3.15%) | 趋势: 高于MA20 | 动量: 突破转强 (阳线上穿5/10)"
600678,2026-04-30,10.38,8.04,-22.54,-5.01,0,5,"形态: 10日内有涨停 | 形态: 两连阴 (-8.21%, -2.24%)"
600678,2026-05-06,9.86,8.04,-18.46,-4.97,0,4,"形态: 10日内有涨停 | 形态: 两连阴 (-2.24%, -5.03%)"
603089,2026-04-30,11.59,11.96,3.19,3.19,1,3,"形态: 两连阴 (-2.12%, -3.41%)"
603089,2026-05-06,11.57,11.96,3.37,3.37,1,2,"形态: 两连阴 (-3.41%, -0.26%)"
600859,2026-04-30,12.37,11.83,-4.37,-1.62,0,7,趋势: 高于MA20
002725,2026-04-30,16.9,17.11,1.24,4.62,1,7,"趋势: 多头排列 (5>20>60) | 量能: 放量 (1.62X) | 形态: 两连阴 (-3.40%, -0.68%) | 趋势: 高于MA20 | 动量: 突破转强 (阳线上穿5/10)"
002725,2026-05-06,17.2,17.11,-0.52,2.79,0,6,趋势: 多头排列 (5>20>60) | 趋势: 高于MA20 | 动量: 突破转强 (阳线上穿5/10)
603876,2026-04-30,29.76,29.0,-2.55,9.37,0,7,趋势: 多头排列 (5>20>60) | 形态: 10日内有涨停 | 趋势: 高于MA20 | 动量: 突破转强 (阳线上穿5/10)
603876,2026-05-06,32.55,29.0,-10.91,-3.78,0,6,趋势: 多头排列 (5>20>60) | 形态: 10日内有涨停 | 趋势: 高于MA20 | 动量: 突破转强 (阳线上穿5/10)
000498,2026-04-30,5.54,5.57,0.54,0.54,1,3,量能: 放量 (1.97X)
600110,2026-04-30,10.75,10.43,-2.98,6.51,0,7,趋势: 多头排列 (5>20>60) | 趋势: 高于MA20
600110,2026-05-06,11.45,10.43,-8.91,-1.4,0,6,趋势: 多头排列 (5>20>60) | 趋势: 高于MA20 | 动量: 突破转强 (阳线上穿5/10)
600288,2026-04-30,15.18,15.19,0.07,0.92,1,3,"量能: 放量 (2.08X) | 形态: 两连阴 (-2.58%, -0.82%) | 趋势: 高于MA20"
600288,2026-05-06,15.22,15.19,-0.2,0.66,0,2,趋势: 高于MA20 | 动量: 突破转强 (阳线上穿5/10)
603328,2026-04-30,11.45,12.4,8.3,13.54,1,7,"趋势: 多头排列 (5>20>60) | 形态: 两连阴 (-3.50%, -7.32%)"
603328,2026-05-06,11.95,12.4,3.77,8.79,1,6,"形态: 两连阴 (-7.32%, -4.74%)"
000701,2026-04-30,5.93,6.15,3.71,3.71,1,3,趋势: 高于MA20 | 动量: 突破转强 (阳线上穿5/10)
000701,2026-05-06,6.1,6.15,0.82,0.82,1,2,趋势: 高于MA20 | 动量: 突破转强 (阳线上穿5/10)
002010,2026-04-30,5.83,5.85,0.34,0.51,1,3,趋势: 高于MA20
002010,2026-05-06,5.83,5.85,0.34,0.51,1,2,趋势: 高于MA20
002810,2026-04-30,26.74,26.7,-0.15,8.75,0,7,趋势: 多头排列 (5>20>60) | 形态: 10日内有涨停 | 趋势: 高于MA20
002810,2026-05-06,27.78,26.7,-3.89,4.68,0,6,趋势: 多头排列 (5>20>60) | 形态: 10日内有涨停 | 趋势: 高于MA20 | 动量: 突破转强 (阳线上穿5/10)
002972,2026-04-30,13.43,12.94,-3.65,0.89,0,7,趋势: 多头排列 (5>20>60) | 趋势: 高于MA20
002972,2026-05-06,13.55,12.94,-4.5,-1.4,0,6,趋势: 多头排列 (5>20>60) | 趋势: 高于MA20 | 动量: 突破转强 (阳线上穿5/10)
600367,2026-04-30,23.47,24.14,2.85,6.14,1,7,形态: 10日内有涨停 | 趋势: 高于MA20 | 动量: 突破转强 (阳线上穿5/10)
600367,2026-05-06,23.81,24.14,1.39,4.62,1,6,形态: 10日内有涨停 | 趋势: 高于MA20 | 动量: 突破转强 (阳线上穿5/10)
000810,2026-04-30,12.69,12.4,-2.29,2.21,0,7,"趋势: 多头排列 (5>20>60) | 形态: 两连阴 (-1.84%, -0.70%) | 趋势: 高于MA20"
000810,2026-05-06,12.86,12.4,-3.58,0.86,0,6,趋势: 多头排列 (5>20>60) | 趋势: 高于MA20 | 动量: 突破转强 (阳线上穿5/10)
600446,2026-04-30,13.68,13.77,0.66,1.1,1,3,形态: 10日内有涨停 | 趋势: 高于MA20 | 动量: 突破转强 (阳线上穿5/10)
600446,2026-05-06,13.83,13.77,-0.43,0.0,0,2,形态: 10日内有涨停 | 趋势: 高于MA20 | 动量: 突破转强 (阳线上穿5/10)
603967,2026-04-30,13.93,14.41,3.45,3.45,1,3,趋势: 多头排列 (5>20>60) | 形态: 10日内有涨停 | 趋势: 高于MA20
603967,2026-05-06,14.24,14.41,1.19,1.19,1,2,趋势: 多头排列 (5>20>60) | 形态: 10日内有涨停 | 趋势: 高于MA20 | 动量: 突破转强 (阳线上穿5/10)
601061,2026-04-30,13.86,14.26,2.89,5.84,1,7,形态: 10日内有涨停 | 趋势: 高于MA20
601061,2026-05-06,14.25,14.26,0.07,2.95,1,6,形态: 10日内有涨停 | 趋势: 高于MA20 | 动量: 突破转强 (阳线上穿5/10)
001914,2026-04-30,10.25,10.21,-0.39,4.1,0,7,趋势: 高于MA20
001914,2026-05-06,10.58,10.21,-3.5,0.85,0,6,趋势: 高于MA20 | 动量: 突破转强 (阳线上穿5/10)
000036,2026-04-30,5.59,6.17,10.38,13.24,1,5,趋势: 高于MA20 | 动量: 突破转强 (阳线上穿5/10)
000036,2026-05-06,5.59,6.17,10.38,13.24,1,4,趋势: 高于MA20
002668,2026-04-30,9.55,10.08,5.55,5.65,1,3,趋势: 高于MA20
002668,2026-05-06,9.8,10.08,2.86,2.96,1,2,"形态: 两连阴 (-0.83%, -0.10%) | 趋势: 高于MA20 | 动量: 突破转强 (阳线上穿5/10)"
600830,2026-04-30,9.9,10.45,5.56,5.56,1,3,形态: 10日内有涨停 | 趋势: 高于MA20
600830,2026-05-06,10.18,10.45,2.65,2.65,1,2,形态: 10日内有涨停 | 趋势: 高于MA20 | 动量: 突破转强 (阳线上穿5/10)
002454,2026-04-30,9.91,9.59,-3.23,-2.52,0,3,"趋势: 多头排列 (5>20>60) | 形态: 两连阴 (-0.86%, -0.86%)"
002454,2026-05-06,9.66,9.59,-0.72,-0.72,0,2,"形态: 两连阴 (-0.86%, -4.16%)"
600379,2026-04-30,16.78,16.75,-0.18,10.01,0,3,形态: 10日内有涨停 | 趋势: 高于MA20 | 动量: 突破转强 (阳线上穿5/10)
600379,2026-05-06,18.46,16.75,-9.26,-3.3,0,2,趋势: 多头排列 (5>20>60) | 形态: 10日内有涨停 | 趋势: 高于MA20 | 动量: 突破转强 (阳线上穿5/10)
600755,2026-04-30,6.19,6.27,1.29,2.58,1,7,动量: 突破转强 (阳线上穿5/10)
600755,2026-05-06,6.24,6.27,0.48,1.76,1,6,动量: 突破转强 (阳线上穿5/10)
605299,2026-04-30,25.98,23.6,-9.16,4.43,0,7,趋势: 多头排列 (5>20>60) | 形态: 10日内有涨停 | 趋势: 高于MA20 | 动量: 突破转强 (阳线上穿5/10)
605299,2026-05-06,26.01,23.6,-9.27,4.31,0,6,趋势: 多头排列 (5>20>60) | 量能: 放量 (1.55X) | 形态: 10日内有涨停 | 趋势: 高于MA20 | 动量: 突破转强 (阳线上穿5/10)
000823,2026-04-30,14.88,16.84,13.17,18.15,1,7,"趋势: 多头排列 (5>20>60) | 形态: 两连阴 (-2.74%, -0.59%)"
000823,2026-05-06,15.74,16.84,6.99,11.69,1,6,"趋势: 多头排列 (5>20>60) | 形态: 两连阴 (-0.59%, -2.04%) | 趋势: 高于MA20 | 动量: 突破转强 (阳线上穿5/10)"
002675,2026-05-06,13.02,13.05,0.23,0.23,1,2,"形态: 两连阴 (-0.97%, -2.48%)"
603269,2026-04-30,14.92,16.87,13.07,14.34,1,3,趋势: 多头排列 (5>20>60) | 趋势: 高于MA20
603269,2026-05-06,16.41,16.87,2.8,3.96,1,2,趋势: 多头排列 (5>20>60) | 形态: 10日内有涨停 | 趋势: 高于MA20 | 动量: 突破转强 (阳线上穿5/10)
600084,2026-05-06,5.08,4.88,-3.94,1.18,0,6,"量能: 放量 (3.93X) | 形态: 两连阴 (-5.06%, -4.97%)"
002340,2026-04-30,9.14,8.63,-5.58,2.3,0,7,趋势: 高于MA20
002340,2026-05-06,9.35,8.63,-7.7,-1.07,0,6,趋势: 高于MA20 | 动量: 突破转强 (阳线上穿5/10)
002493,2026-04-30,13.95,12.9,-7.53,-1.79,0,3,趋势: 高于MA20 | 动量: 突破转强 (阳线上穿5/10)
002493,2026-05-06,13.7,12.9,-5.84,-5.69,0,2,趋势: 高于MA20
600218,2026-04-30,9.66,9.8,1.45,1.45,1,3,趋势: 高于MA20 | 动量: 突破转强 (阳线上穿5/10)
600218,2026-05-06,9.79,9.8,0.1,0.1,1,2,趋势: 高于MA20 | 动量: 突破转强 (阳线上穿5/10)
600459,2026-05-06,20.7,20.38,-1.55,3.77,0,6,趋势: 高于MA20
002636,2026-04-30,44.9,45.29,0.87,10.27,1,7,趋势: 多头排列 (5>20>60) | 形态: 10日内有涨停 | 趋势: 高于MA20
002636,2026-05-06,46.56,45.29,-2.73,6.34,0,6,"趋势: 多头排列 (5>20>60) | 形态: 10日内有涨停 | 形态: 两连阴 (-2.03%, -0.97%) | 趋势: 高于MA20 | 动量: 突破转强 (阳线上穿5/10)"
000559,2026-05-06,16.62,16.54,-0.48,7.1,0,6,趋势: 高于MA20
603900,2026-04-30,7.98,7.56,-5.26,-0.13,0,7,量能: 放量 (2.14X) | 趋势: 高于MA20 | 动量: 突破转强 (阳线上穿5/10)
603900,2026-05-06,7.97,7.56,-5.14,-0.5,0,6,趋势: 高于MA20
600232,2026-04-30,8.58,8.88,3.5,5.48,1,7,趋势: 多头排列 (5>20>60) | 趋势: 高于MA20
600232,2026-05-06,8.65,8.88,2.66,4.62,1,6,趋势: 多头排列 (5>20>60) | 趋势: 高于MA20 | 动量: 突破转强 (阳线上穿5/10)
000417,2026-04-30,6.69,7.46,11.51,11.51,1,7,趋势: 高于MA20 | 动量: 突破转强 (阳线上穿5/10)
000417,2026-05-06,6.76,7.46,10.36,10.36,1,6,趋势: 高于MA20 | 动量: 突破转强 (阳线上穿5/10)
603366,2026-05-06,8.53,8.53,0.0,3.52,0,6,动量: 突破转强 (阳线上穿5/10)
002648,2026-04-30,29.6,26.66,-9.93,-0.41,0,3,趋势: 多头排列 (5>20>60) | 趋势: 高于MA20 | 动量: 突破转强 (阳线上穿5/10)
002648,2026-05-06,29.48,26.66,-9.57,-7.94,0,2,趋势: 多头排列 (5>20>60) | 趋势: 高于MA20
002297,2026-04-30,24.5,24.91,1.67,6.73,1,7,趋势: 多头排列 (5>20>60) | 形态: 10日内有涨停 | 趋势: 高于MA20 | 动量: 突破转强 (阳线上穿5/10)
002297,2026-05-06,24.01,24.91,3.75,8.91,1,6,趋势: 多头排列 (5>20>60) | 形态: 10日内有涨停 | 趋势: 高于MA20
002805,2026-04-30,22.85,24.65,7.88,10.02,1,3,趋势: 多头排列 (5>20>60) | 形态: 10日内有涨停 | 趋势: 高于MA20 | 动量: 突破转强 (阳线上穿5/10)
002805,2026-05-06,25.14,24.65,-1.95,-1.95,0,2,趋势: 多头排列 (5>20>60) | 量能: 放量 (2.35X) | 形态: 10日内有涨停 | 趋势: 高于MA20 | 动量: 突破转强 (阳线上穿5/10)
000859,2026-04-30,9.04,9.22,1.99,4.31,1,7,"形态: 两连阴 (-1.66%, -0.11%)"
002043,2026-04-30,14.83,15.45,4.18,4.45,1,3,趋势: 高于MA20
002043,2026-05-06,15.49,15.45,-0.26,-0.26,0,2,量能: 放量 (1.57X) | 趋势: 高于MA20 | 动量: 突破转强 (阳线上穿5/10)
600476,2026-04-30,11.56,12.64,9.34,9.34,1,3,趋势: 高于MA20 | 动量: 突破转强 (阳线上穿5/10)
600476,2026-05-06,11.47,12.64,10.2,10.2,1,2,趋势: 高于MA20
603176,2026-04-30,5.71,5.75,0.7,0.7,1,3,趋势: 高于MA20 | 动量: 突破转强 (阳线上穿5/10)
603176,2026-05-06,5.67,5.75,1.41,1.41,1,2,趋势: 高于MA20
000970,2026-04-30,12.08,12.33,2.07,2.07,1,3,趋势: 高于MA20
000970,2026-05-06,12.31,12.33,0.16,0.16,1,2,趋势: 高于MA20 | 动量: 突破转强 (阳线上穿5/10)
002350,2026-04-30,14.1,16.7,18.44,18.44,1,3,趋势: 多头排列 (5>20>60) | 趋势: 高于MA20
002350,2026-05-06,14.5,16.7,15.17,15.17,1,2,趋势: 多头排列 (5>20>60) | 趋势: 高于MA20 | 动量: 突破转强 (阳线上穿5/10)
605500,2026-04-30,9.18,9.32,1.53,2.18,1,5,趋势: 高于MA20 | 动量: 突破转强 (阳线上穿5/10)
605500,2026-05-06,9.27,9.32,0.54,1.19,1,4,趋势: 高于MA20 | 动量: 突破转强 (阳线上穿5/10)
600579,2026-04-30,7.84,7.83,-0.13,-0.13,0,3,"形态: 两连阴 (-1.37%, -1.26%)"
002438,2026-05-06,16.53,17.21,4.11,4.84,1,2,动量: 突破转强 (阳线上穿5/10)
000967,2026-04-30,13.57,13.85,2.06,21.0,1,5,趋势: 多头排列 (5>20>60) | 形态: 10日内有涨停 | 趋势: 高于MA20
000967,2026-05-06,14.93,13.85,-7.23,9.98,0,4,"趋势: 多头排列 (5>20>60) | 形态: 10日内有涨停 | 形态: 两连阴 (-0.49%, -3.83%) | 趋势: 高于MA20 | 动量: 突破转强 (阳线上穿5/10)"
002044,2026-04-30,5.43,6.13,12.89,17.5,1,7,量能: 放量 (2.81X) | 趋势: 高于MA20 | 动量: 突破转强 (阳线上穿5/10)
002044,2026-05-06,5.97,6.13,2.68,6.87,1,6,形态: 10日内有涨停 | 趋势: 高于MA20 | 动量: 突破转强 (阳线上穿5/10)
000301,2026-04-30,13.27,13.06,-1.58,0.6,0,7,趋势: 高于MA20 | 动量: 突破转强 (阳线上穿5/10)
000301,2026-05-06,13.35,13.06,-2.17,-2.17,0,6,趋势: 多头排列 (5>20>60) | 趋势: 高于MA20 | 动量: 突破转强 (阳线上穿5/10)
600444,2026-04-30,17.31,17.5,1.1,1.1,1,3,"形态: 两连阴 (-2.20%, -2.93%)"
000050,2026-04-30,7.62,7.72,1.31,2.76,1,7,量能: 放量 (2.03X)
600372,2026-05-06,13.28,13.66,2.86,2.86,1,2,趋势: 高于MA20 | 动量: 突破转强 (阳线上穿5/10)
002215,2026-04-30,10.92,10.39,-4.85,-0.64,0,5,趋势: 高于MA20
002215,2026-05-06,10.85,10.39,-4.24,-0.83,0,4,趋势: 高于MA20
603687,2026-04-30,17.18,16.97,-1.22,2.33,0,3,形态: 10日内有涨停
603687,2026-05-06,17.58,16.97,-3.47,-2.16,0,2,形态: 10日内有涨停 | 趋势: 高于MA20 | 动量: 突破转强 (阳线上穿5/10)
002003,2026-04-30,10.0,9.85,-1.5,-1.5,0,3,量能: 放量 (1.54X) | 趋势: 高于MA20
002003,2026-05-06,9.72,9.85,1.34,1.34,1,2,量能: 放量 (2.05X)
605388,2026-04-30,7.01,6.98,-0.43,2.57,0,7,形态: 10日内有涨停
605388,2026-05-06,7.19,6.98,-2.92,-0.14,0,6,趋势: 高于MA20
000599,2026-04-30,5.96,5.92,-0.67,0.84,0,3,量能: 放量 (1.57X) | 趋势: 高于MA20 | 动量: 突破转强 (阳线上穿5/10)
000599,2026-05-06,6.01,5.92,-1.5,-1.5,0,2,趋势: 高于MA20 | 动量: 突破转强 (阳线上穿5/10)
002465,2026-04-30,16.1,17.12,6.34,6.34,1,3,趋势: 高于MA20
002465,2026-05-06,16.45,17.12,4.07,4.07,1,2,趋势: 高于MA20 | 动量: 突破转强 (阳线上穿5/10)
000007,2026-04-30,15.51,12.86,-17.09,10.96,0,7,趋势: 多头排列 (5>20>60) | 形态: 10日内有涨停 | 趋势: 高于MA20 | 动量: 突破转强 (阳线上穿5/10)
000007,2026-05-06,15.97,12.86,-19.47,7.76,0,6,趋势: 多头排列 (5>20>60) | 量能: 放量 (1.61X) | 形态: 10日内有涨停 | 趋势: 高于MA20 | 动量: 突破转强 (阳线上穿5/10)
600007,2026-04-30,21.0,21.7,3.33,3.33,1,3,趋势: 多头排列 (5>20>60)
600732,2026-04-30,15.38,14.89,-3.19,-2.67,0,3,趋势: 高于MA20 | 动量: 突破转强 (阳线上穿5/10)
002540,2026-05-06,6.01,6.08,1.16,1.16,1,2,量能: 放量 (1.75X)
000155,2026-04-30,17.42,15.75,-9.59,2.47,0,7,趋势: 多头排列 (5>20>60) | 趋势: 高于MA20
000155,2026-05-06,17.85,15.75,-11.76,-2.75,0,6,趋势: 多头排列 (5>20>60) | 趋势: 高于MA20
603085,2026-04-30,12.28,14.12,14.98,16.04,1,5,趋势: 多头排列 (5>20>60) | 趋势: 高于MA20 | 动量: 突破转强 (阳线上穿5/10)
603085,2026-05-06,12.67,14.12,11.44,12.47,1,4,趋势: 多头排列 (5>20>60) | 趋势: 高于MA20 | 动量: 突破转强 (阳线上穿5/10)
000626,2026-04-30,9.35,9.43,0.86,0.86,1,3,趋势: 多头排列 (5>20>60) | 趋势: 高于MA20 | 动量: 突破转强 (阳线上穿5/10)
000626,2026-05-06,9.2,9.43,2.5,2.5,1,2,趋势: 多头排列 (5>20>60) | 趋势: 高于MA20
601001,2026-04-30,19.33,17.0,-12.05,-0.05,0,7,趋势: 多头排列 (5>20>60) | 趋势: 高于MA20 | 动量: 突破转强 (阳线上穿5/10)
601001,2026-05-06,19.32,17.0,-12.01,-6.0,0,6,趋势: 多头排列 (5>20>60) | 趋势: 高于MA20
002512,2026-04-30,4.31,4.5,4.41,4.41,1,3,量能: 放量 (1.56X) | 趋势: 高于MA20 | 动量: 突破转强 (阳线上穿5/10)
002512,2026-05-06,4.41,4.5,2.04,2.04,1,2,趋势: 高于MA20 | 动量: 突破转强 (阳线上穿5/10)
002342,2026-04-30,19.81,22.11,11.61,11.66,1,3,趋势: 多头排列 (5>20>60) | 形态: 10日内有涨停 | 趋势: 高于MA20 | 动量: 突破转强 (阳线上穿5/10)
002342,2026-05-06,20.11,22.11,9.95,10.0,1,2,趋势: 多头排列 (5>20>60) | 形态: 10日内有涨停 | 趋势: 高于MA20 | 动量: 突破转强 (阳线上穿5/10)
002446,2026-05-06,10.29,10.62,3.21,9.62,1,6,趋势: 高于MA20
002706,2026-04-30,11.57,11.65,0.69,2.07,1,3,"形态: 10日内有涨停 | 形态: 两连阴 (-0.44%, -0.18%) | 趋势: 高于MA20 | 动量: 突破转强 (阳线上穿5/10)"
002706,2026-05-06,11.74,11.65,-0.77,0.6,0,2,形态: 10日内有涨停 | 趋势: 高于MA20 | 动量: 突破转强 (阳线上穿5/10)
002688,2026-04-30,6.02,6.0,-0.33,0.0,0,3,趋势: 高于MA20
002688,2026-05-06,6.02,6.0,-0.33,-0.33,0,2,趋势: 高于MA20
002161,2026-04-30,6.74,7.19,6.68,6.68,1,3,"形态: 两连阴 (-1.94%, -0.42%)"
002161,2026-05-06,6.86,7.19,4.81,4.81,1,2,"形态: 两连阴 (-0.42%, -4.13%)"
600712,2026-04-30,6.31,6.2,-1.74,3.33,0,7,趋势: 高于MA20 | 动量: 突破转强 (阳线上穿5/10)
600712,2026-05-06,6.32,6.2,-1.9,3.16,0,6,趋势: 高于MA20 | 动量: 突破转强 (阳线上穿5/10)
002177,2026-05-06,7.68,7.76,1.04,1.04,1,2,趋势: 高于MA20 | 动量: 突破转强 (阳线上穿5/10)
603015,2026-04-30,11.79,12.62,7.04,7.04,1,3,"形态: 两连阴 (-3.37%, -0.51%)"
000955,2026-04-30,5.2,4.8,-7.69,0.58,0,7,趋势: 高于MA20 | 动量: 突破转强 (阳线上穿5/10)
000955,2026-05-06,5.18,4.8,-7.34,0.97,0,6,趋势: 高于MA20
603777,2026-04-30,16.43,21.05,28.12,28.12,1,7,趋势: 多头排列 (5>20>60) | 趋势: 高于MA20 | 动量: 突破转强 (阳线上穿5/10)
603777,2026-05-06,18.07,21.05,16.49,16.49,1,6,趋势: 多头排列 (5>20>60) | 形态: 10日内有涨停 | 趋势: 高于MA20 | 动量: 突破转强 (阳线上穿5/10)
002644,2026-04-30,8.39,7.9,-5.84,0.12,0,7,动量: 突破转强 (阳线上穿5/10)
002474,2026-05-06,7.51,8.34,11.05,11.05,1,2,趋势: 高于MA20 | 动量: 突破转强 (阳线上穿5/10)
605222,2026-04-30,36.37,37.88,4.15,4.15,1,3,趋势: 多头排列 (5>20>60) | 形态: 10日内有涨停 | 趋势: 高于MA20 | 动量: 突破转强 (阳线上穿5/10)
605222,2026-05-06,34.78,37.88,8.91,8.91,1,2,趋势: 多头排列 (5>20>60) | 形态: 10日内有涨停 | 趋势: 高于MA20
600152,2026-04-30,14.85,15.41,3.77,3.77,1,3,趋势: 多头排列 (5>20>60) | 形态: 10日内有涨停 | 趋势: 高于MA20 | 动量: 突破转强 (阳线上穿5/10)
600152,2026-05-06,15.09,15.41,2.12,2.12,1,2,趋势: 多头排列 (5>20>60) | 形态: 10日内有涨停 | 趋势: 高于MA20 | 动量: 突破转强 (阳线上穿5/10)
002181,2026-04-30,16.49,18.35,11.28,13.52,1,3,趋势: 多头排列 (5>20>60) | 形态: 10日内有涨停 | 趋势: 高于MA20 | 动量: 突破转强 (阳线上穿5/10)
002181,2026-05-06,18.14,18.35,1.16,3.2,1,2,趋势: 多头排列 (5>20>60) | 形态: 10日内有涨停 | 趋势: 高于MA20 | 动量: 突破转强 (阳线上穿5/10)
603339,2026-04-30,13.67,13.85,1.32,1.76,1,3,趋势: 高于MA20
603339,2026-05-06,13.9,13.85,-0.36,0.07,0,2,量能: 放量 (1.82X) | 趋势: 高于MA20 | 动量: 突破转强 (阳线上穿5/10)
002453,2026-04-30,5.61,6.29,12.12,13.73,1,3,形态: 10日内有涨停 | 趋势: 高于MA20 | 动量: 突破转强 (阳线上穿5/10)
002453,2026-05-06,6.17,6.29,1.94,3.4,1,2,量能: 放量 (2.39X) | 形态: 10日内有涨停 | 趋势: 高于MA20 | 动量: 突破转强 (阳线上穿5/10)
002730,2026-04-30,33.66,33.91,0.74,0.74,1,3,趋势: 多头排列 (5>20>60) | 趋势: 高于MA20 | 动量: 突破转强 (阳线上穿5/10)
002730,2026-05-06,32.49,33.91,4.37,4.37,1,2,趋势: 多头排列 (5>20>60) | 趋势: 高于MA20
002488,2026-04-30,12.45,13.03,4.66,4.66,1,3,趋势: 高于MA20 | 动量: 突破转强 (阳线上穿5/10)
002488,2026-05-06,12.51,13.03,4.16,4.16,1,2,趋势: 高于MA20 | 动量: 突破转强 (阳线上穿5/10)
603601,2026-04-30,15.85,16.57,4.54,14.01,1,7,趋势: 多头排列 (5>20>60) | 趋势: 高于MA20 | 动量: 突破转强 (阳线上穿5/10)
603601,2026-05-06,16.73,16.57,-0.96,8.01,0,6,趋势: 多头排列 (5>20>60) | 趋势: 高于MA20 | 动量: 突破转强 (阳线上穿5/10)
600858,2026-04-30,5.79,5.55,-4.15,0.0,0,7,趋势: 高于MA20
600858,2026-05-06,5.77,5.55,-3.81,0.35,0,6,趋势: 高于MA20
000710,2026-04-30,9.99,10.99,10.01,10.01,1,3,动量: 突破转强 (阳线上穿5/10)
000710,2026-05-06,10.0,10.99,9.9,9.9,1,2,动量: 突破转强 (阳线上穿5/10)
002545,2026-04-30,23.99,25.09,4.59,7.96,1,7,趋势: 高于MA20
002545,2026-05-06,24.17,25.09,3.81,7.16,1,6,趋势: 高于MA20
003018,2026-04-30,53.2,48.36,-9.1,-5.73,0,3,"趋势: 多头排列 (5>20>60) | 形态: 10日内有涨停 | 形态: 两连阴 (-0.58%, -0.27%) | 趋势: 高于MA20"
003018,2026-05-06,49.82,48.36,-2.93,0.66,0,2,"趋势: 多头排列 (5>20>60) | 形态: 10日内有涨停 | 形态: 两连阴 (-0.27%, -3.38%) | 趋势: 高于MA20"
600783,2026-04-30,21.73,21.76,0.14,14.31,1,7,"形态: 两连阴 (-4.81%, -1.19%) | 趋势: 高于MA20 | 动量: 突破转强 (阳线上穿5/10)"
600783,2026-05-06,21.93,21.76,-0.78,13.27,0,6,趋势: 高于MA20 | 动量: 突破转强 (阳线上穿5/10)
603182,2026-04-30,15.05,15.26,1.4,1.4,1,3,动量: 突破转强 (阳线上穿5/10)
600039,2026-04-30,8.19,8.1,-1.1,-1.1,0,3,"形态: 两连阴 (-1.10%, -3.10%)"
600039,2026-05-06,8.02,8.1,1.0,1.0,1,2,"形态: 两连阴 (-3.10%, -6.29%)"
002125,2026-04-30,15.27,14.51,-4.98,2.16,0,7,量能: 放量 (2.18X) | 趋势: 高于MA20 | 动量: 突破转强 (阳线上穿5/10)
002125,2026-05-06,15.6,14.51,-6.99,0.0,0,6,趋势: 高于MA20 | 动量: 突破转强 (阳线上穿5/10)
603599,2026-04-30,14.85,12.56,-15.42,-4.85,0,3,形态: 10日内有涨停 | 趋势: 高于MA20
603599,2026-05-06,14.13,12.56,-11.11,-8.07,0,2,形态: 10日内有涨停
600706,2026-04-30,9.54,9.52,-0.21,-0.21,0,3,趋势: 高于MA20 | 动量: 突破转强 (阳线上穿5/10)
600338,2026-04-30,27.58,21.76,-21.1,-3.99,0,7,趋势: 多头排列 (5>20>60) | 形态: 10日内有涨停 | 趋势: 高于MA20
600338,2026-05-06,26.48,21.76,-17.82,-3.25,0,6,趋势: 多头排列 (5>20>60) | 形态: 10日内有涨停 | 趋势: 高于MA20
002111,2026-04-30,11.02,11.64,5.63,5.63,1,3,量能: 放量 (2.88X) | 形态: 10日内有涨停 | 趋势: 高于MA20 | 动量: 突破转强 (阳线上穿5/10)
002111,2026-05-06,11.44,11.64,1.75,1.75,1,2,量能: 放量 (1.53X) | 形态: 10日内有涨停 | 趋势: 高于MA20 | 动量: 突破转强 (阳线上穿5/10)
600843,2026-05-06,8.97,9.04,0.78,0.78,1,2,动量: 突破转强 (阳线上穿5/10)
603703,2026-04-30,13.68,14.57,6.51,7.6,1,5,"形态: 两连阴 (-1.24%, -0.59%) | 趋势: 高于MA20"
603703,2026-05-06,13.82,14.57,5.43,6.51,1,4,趋势: 高于MA20 | 动量: 突破转强 (阳线上穿5/10)
603238,2026-04-30,15.94,15.88,-0.38,0.94,0,7,趋势: 高于MA20 | 动量: 突破转强 (阳线上穿5/10)
603238,2026-05-06,15.77,15.88,0.7,2.03,1,6,趋势: 高于MA20
002695,2026-04-30,12.49,12.86,2.96,5.52,1,7,趋势: 多头排列 (5>20>60) | 量能: 放量 (1.73X) | 趋势: 高于MA20 | 动量: 突破转强 (阳线上穿5/10)
002695,2026-05-06,13.09,12.86,-1.76,0.69,0,6,趋势: 多头排列 (5>20>60) | 趋势: 高于MA20 | 动量: 突破转强 (阳线上穿5/10)
002279,2026-04-30,7.52,8.14,8.24,8.24,1,3,量能: 放量 (1.84X)
002248,2026-04-30,13.06,13.56,3.83,4.29,1,3,趋势: 高于MA20 | 动量: 突破转强 (阳线上穿5/10)
002248,2026-05-06,13.17,13.56,2.96,3.42,1,2,趋势: 高于MA20 | 动量: 突破转强 (阳线上穿5/10)
603278,2026-04-30,11.2,15.42,37.68,40.89,1,7,形态: 10日内有涨停
603278,2026-05-06,12.32,15.42,25.16,28.08,1,6,形态: 10日内有涨停 | 趋势: 高于MA20 | 动量: 突破转强 (阳线上穿5/10)
603305,2026-04-30,15.41,16.07,4.28,8.11,1,7,趋势: 高于MA20 | 动量: 突破转强 (阳线上穿5/10)
603305,2026-05-06,15.53,16.07,3.48,7.28,1,6,趋势: 高于MA20 | 动量: 突破转强 (阳线上穿5/10)
600738,2026-04-30,4.8,4.59,-4.38,-0.21,0,7,趋势: 高于MA20
003003,2026-04-30,13.86,13.58,-2.02,1.15,0,7,趋势: 高于MA20 | 动量: 突破转强 (阳线上穿5/10)
003003,2026-05-06,13.88,13.58,-2.16,1.01,0,6,趋势: 高于MA20 | 动量: 突破转强 (阳线上穿5/10)
002406,2026-04-30,7.96,8.28,4.02,4.02,1,3,"形态: 10日内有涨停 | 形态: 两连阴 (-3.08%, -1.71%) | 趋势: 高于MA20"
002406,2026-05-06,8.09,8.28,2.35,2.35,1,2,"形态: 10日内有涨停 | 形态: 两连阴 (-1.71%, -1.00%) | 趋势: 高于MA20"
002560,2026-04-30,14.67,11.61,-20.86,12.47,0,7,趋势: 多头排列 (5>20>60) | 形态: 10日内有涨停 | 趋势: 高于MA20
002560,2026-05-06,15.12,11.61,-23.21,9.13,0,6,趋势: 多头排列 (5>20>60) | 形态: 10日内有涨停 | 趋势: 高于MA20
002027,2026-04-30,6.29,6.25,-0.64,0.95,0,3,趋势: 高于MA20
002027,2026-05-06,6.35,6.25,-1.57,0.0,0,2,趋势: 高于MA20 | 动量: 突破转强 (阳线上穿5/10)
605007,2026-04-30,15.86,15.29,-3.59,1.7,0,7,趋势: 高于MA20 | 动量: 突破转强 (阳线上穿5/10)
605007,2026-05-06,15.73,15.29,-2.8,2.54,0,6,趋势: 高于MA20
600884,2026-04-30,16.65,15.4,-7.51,6.25,0,7,趋势: 多头排列 (5>20>60) | 趋势: 高于MA20
600884,2026-05-06,17.69,15.4,-12.95,-3.96,0,6,趋势: 多头排列 (5>20>60) | 趋势: 高于MA20 | 动量: 突破转强 (阳线上穿5/10)
605108,2026-04-30,15.92,15.54,-2.39,-2.39,0,3,量能: 放量 (1.85X)
605167,2026-05-06,18.02,19.35,7.38,7.38,1,2,趋势: 高于MA20 | 动量: 突破转强 (阳线上穿5/10)
001205,2026-04-30,15.12,15.58,3.04,3.04,1,3,趋势: 高于MA20
001205,2026-05-06,15.21,15.58,2.43,2.43,1,2,趋势: 高于MA20 | 动量: 突破转强 (阳线上穿5/10)
002250,2026-04-30,16.55,16.9,2.11,2.11,1,3,趋势: 高于MA20
002250,2026-05-06,16.68,16.9,1.32,1.32,1,2,趋势: 高于MA20
002194,2026-04-30,11.03,12.73,15.41,15.41,1,3,形态: 10日内有涨停 | 趋势: 高于MA20
002194,2026-05-06,11.36,12.73,12.06,12.06,1,2,形态: 10日内有涨停 | 趋势: 高于MA20 | 动量: 突破转强 (阳线上穿5/10)
000712,2026-04-30,10.42,10.37,-0.48,0.86,0,3,趋势: 高于MA20 | 动量: 突破转强 (阳线上穿5/10)
000712,2026-05-06,10.51,10.37,-1.33,-0.95,0,2,趋势: 高于MA20 | 动量: 突破转强 (阳线上穿5/10)
002067,2026-04-30,4.89,4.89,0.0,3.07,0,5,趋势: 高于MA20
002067,2026-05-06,4.93,4.89,-0.81,2.23,0,4,趋势: 高于MA20 | 动量: 突破转强 (阳线上穿5/10)
000716,2026-04-30,5.14,5.52,7.39,7.39,1,7,量能: 放量 (1.59X) | 形态: 10日内有涨停 | 趋势: 高于MA20
000716,2026-05-06,5.17,5.52,6.77,6.77,1,6,形态: 10日内有涨停 | 趋势: 高于MA20 | 动量: 突破转强 (阳线上穿5/10)
002040,2026-05-06,10.05,10.71,6.57,6.57,1,2,趋势: 高于MA20 | 动量: 突破转强 (阳线上穿5/10)
603359,2026-04-30,4.32,3.43,-20.6,-5.09,0,5,"形态: 两连阴 (-9.98%, -9.90%)"
603359,2026-05-06,4.1,3.43,-16.34,-4.88,0,4,"形态: 两连阴 (-9.90%, -5.05%)"
603969,2026-04-30,8.91,10.0,12.23,12.23,1,7,"形态: 两连阴 (-5.18%, -0.78%)"
600475,2026-04-30,16.89,17.69,4.74,4.74,1,3,"形态: 两连阴 (-1.16%, -1.40%)"
000546,2026-04-30,7.72,7.05,-8.68,1.42,0,7,趋势: 多头排列 (5>20>60) | 形态: 10日内有涨停 | 趋势: 高于MA20 | 动量: 突破转强 (阳线上穿5/10)
000546,2026-05-06,7.82,7.05,-9.85,0.13,0,6,趋势: 多头排列 (5>20>60) | 形态: 10日内有涨停 | 趋势: 高于MA20 | 动量: 突破转强 (阳线上穿5/10)
000060,2026-04-30,6.75,7.9,17.04,25.93,1,7,趋势: 高于MA20 | 动量: 突破转强 (阳线上穿5/10)
000060,2026-05-06,7.43,7.9,6.33,14.4,1,6,量能: 放量 (1.88X) | 形态: 10日内有涨停 | 趋势: 高于MA20 | 动量: 突破转强 (阳线上穿5/10)
603070,2026-04-30,13.85,13.77,-0.58,-0.36,0,3,量能: 放量 (2.45X)
002691,2026-05-06,5.19,5.28,1.73,1.73,1,2,量能: 放量 (1.61X)
603960,2026-05-06,22.15,23.99,8.31,8.31,1,2,量能: 放量 (1.62X)
603166,2026-04-30,13.66,14.6,6.88,6.88,1,3,趋势: 高于MA20 | 动量: 突破转强 (阳线上穿5/10)
603166,2026-05-06,13.71,14.6,6.49,6.49,1,2,趋势: 高于MA20 | 动量: 突破转强 (阳线上穿5/10)
600188,2026-04-30,22.85,20.32,-11.07,0.18,0,7,趋势: 多头排列 (5>20>60) | 趋势: 高于MA20
600188,2026-05-06,22.89,20.32,-11.23,-6.33,0,6,趋势: 多头排列 (5>20>60) | 趋势: 高于MA20 | 动量: 突破转强 (阳线上穿5/10)
002203,2026-04-30,17.99,21.71,20.68,28.02,1,7,趋势: 多头排列 (5>20>60) | 形态: 10日内有涨停 | 趋势: 高于MA20
002203,2026-05-06,19.79,21.71,9.7,16.37,1,6,趋势: 多头排列 (5>20>60) | 量能: 放量 (1.54X) | 形态: 10日内有涨停 | 趋势: 高于MA20 | 动量: 突破转强 (阳线上穿5/10)
600560,2026-04-30,14.53,14.76,1.58,1.58,1,3,趋势: 高于MA20 | 动量: 突破转强 (阳线上穿5/10)
600560,2026-05-06,14.53,14.76,1.58,1.58,1,2,趋势: 高于MA20
000686,2026-04-30,8.67,8.62,-0.58,1.38,0,3,趋势: 高于MA20 | 动量: 突破转强 (阳线上穿5/10)
000686,2026-05-06,8.79,8.62,-1.93,-1.37,0,2,趋势: 高于MA20 | 动量: 突破转强 (阳线上穿5/10)
603808,2026-04-30,11.1,10.81,-2.61,-2.52,0,3,趋势: 多头排列 (5>20>60) | 量能: 放量 (1.67X) | 趋势: 高于MA20 | 动量: 突破转强 (阳线上穿5/10)
603808,2026-05-06,10.82,10.81,-0.09,-0.09,0,2,趋势: 多头排列 (5>20>60) | 趋势: 高于MA20
002324,2026-04-30,14.63,15.72,7.45,7.45,1,3,形态: 10日内有涨停
002324,2026-05-06,15.17,15.72,3.63,3.63,1,2,形态: 10日内有涨停
002187,2026-04-30,6.19,6.24,0.81,0.81,1,3,动量: 突破转强 (阳线上穿5/10)
603915,2026-04-30,15.71,17.65,12.35,12.35,1,3,趋势: 高于MA20
603915,2026-05-06,15.94,17.65,10.73,10.73,1,2,趋势: 高于MA20 | 动量: 突破转强 (阳线上穿5/10)
603073,2026-04-30,21.0,21.17,0.81,0.81,1,3,趋势: 高于MA20 | 动量: 突破转强 (阳线上穿5/10)
603073,2026-05-06,20.61,21.17,2.72,2.72,1,2,趋势: 高于MA20
002634,2026-05-06,5.58,5.01,-10.22,-2.69,0,6,动量: 突破转强 (阳线上穿5/10)
603158,2026-04-30,12.76,15.88,24.45,24.45,1,3,"趋势: 多头排列 (5>20>60) | 形态: 两连阴 (-1.12%, -2.49%)"
603158,2026-05-06,14.04,15.88,13.11,13.11,1,2,"趋势: 多头排列 (5>20>60) | 形态: 10日内有涨停 | 形态: 两连阴 (-2.49%, -1.39%) | 趋势: 高于MA20 | 动量: 突破转强 (阳线上穿5/10)"
002361,2026-04-30,20.55,18.72,-8.91,8.27,0,7,趋势: 多头排列 (5>20>60) | 形态: 10日内有涨停 | 趋势: 高于MA20
002361,2026-05-06,21.21,18.72,-11.74,4.9,0,6,趋势: 多头排列 (5>20>60) | 形态: 10日内有涨停 | 趋势: 高于MA20
002202,2026-04-30,27.55,26.03,-5.52,3.41,0,7,量能: 放量 (1.66X) | 趋势: 高于MA20 | 动量: 突破转强 (阳线上穿5/10)
002202,2026-05-06,27.94,26.03,-6.84,1.97,0,6,趋势: 高于MA20 | 动量: 突破转强 (阳线上穿5/10)
603567,2026-04-30,7.08,7.26,2.54,4.24,1,7,量能: 放量 (2.31X) | 趋势: 高于MA20 | 动量: 突破转强 (阳线上穿5/10)
603567,2026-05-06,7.21,7.26,0.69,2.36,1,6,趋势: 高于MA20 | 动量: 突破转强 (阳线上穿5/10)
603730,2026-04-30,10.94,11.45,4.66,4.66,1,3,趋势: 多头排列 (5>20>60) | 趋势: 高于MA20 | 动量: 突破转强 (阳线上穿5/10)
603730,2026-05-06,10.93,11.45,4.76,4.76,1,2,趋势: 多头排列 (5>20>60) | 趋势: 高于MA20
603088,2026-04-30,11.94,12.64,5.86,6.95,1,3,"形态: 两连阴 (-3.79%, -4.95%)"
603088,2026-05-06,12.4,12.64,1.94,2.98,1,2,"形态: 两连阴 (-4.95%, -2.93%)"
600828,2026-04-30,5.0,4.76,-4.8,1.2,0,7,"形态: 两连阴 (-1.17%, -1.38%)"
600828,2026-05-06,5.05,4.76,-5.74,0.2,0,6,"形态: 两连阴 (-1.38%, -0.40%)"
600156,2026-04-30,10.8,14.19,31.39,31.39,1,7,趋势: 多头排列 (5>20>60) | 量能: 放量 (1.70X) | 形态: 10日内有涨停 | 趋势: 高于MA20
600156,2026-05-06,11.2,14.19,26.7,26.7,1,6,趋势: 多头排列 (5>20>60) | 形态: 10日内有涨停 | 趋势: 高于MA20 | 动量: 突破转强 (阳线上穿5/10)
600522,2026-04-30,33.12,44.1,33.15,33.15,1,7,"趋势: 多头排列 (5>20>60) | 形态: 10日内有涨停 | 形态: 两连阴 (-2.18%, -2.06%) | 趋势: 高于MA20"
600522,2026-05-06,34.89,44.1,26.4,26.4,1,6,"趋势: 多头排列 (5>20>60) | 形态: 10日内有涨停 | 形态: 两连阴 (-2.06%, -3.38%) | 趋势: 高于MA20 | 动量: 突破转强 (阳线上穿5/10)"
603810,2026-04-30,16.07,15.21,-5.35,-0.62,0,7,趋势: 高于MA20
603810,2026-05-06,15.97,15.21,-4.76,-1.57,0,6,趋势: 高于MA20
600135,2026-04-30,11.43,11.84,3.59,6.47,1,5,趋势: 多头排列 (5>20>60) | 量能: 放量 (1.96X) | 形态: 10日内有涨停 | 趋势: 高于MA20 | 动量: 突破转强 (阳线上穿5/10)
600135,2026-05-06,11.46,11.84,3.32,6.2,1,4,趋势: 多头排列 (5>20>60) | 形态: 10日内有涨停 | 趋势: 高于MA20 | 动量: 突破转强 (阳线上穿5/10)
002591,2026-04-30,8.36,8.76,4.78,4.78,1,3,量能: 放量 (1.51X) | 形态: 10日内有涨停 | 趋势: 高于MA20 | 动量: 突破转强 (阳线上穿5/10)
002591,2026-05-06,7.96,8.76,10.05,10.05,1,2,量能: 放量 (2.65X) | 形态: 10日内有涨停 | 趋势: 高于MA20
002910,2026-04-30,11.31,11.23,-0.71,1.68,0,7,趋势: 高于MA20 | 动量: 突破转强 (阳线上穿5/10)
002910,2026-05-06,11.41,11.23,-1.58,0.79,0,6,趋势: 高于MA20 | 动量: 突破转强 (阳线上穿5/10)
603219,2026-04-30,16.63,16.98,2.1,2.1,1,3,"形态: 两连阴 (-1.42%, -5.14%) | 趋势: 高于MA20"
603219,2026-05-06,16.95,16.98,0.18,0.18,1,2,趋势: 高于MA20
600558,2026-04-30,5.75,5.87,2.09,2.09,1,3,趋势: 高于MA20 | 动量: 突破转强 (阳线上穿5/10)
600558,2026-05-06,5.77,5.87,1.73,1.73,1,2,趋势: 高于MA20 | 动量: 突破转强 (阳线上穿5/10)
603633,2026-04-30,8.28,8.15,-1.57,3.02,0,7,"形态: 两连阴 (-2.50%, -0.37%) | 趋势: 高于MA20"
603633,2026-05-06,8.43,8.15,-3.32,1.19,0,6,趋势: 高于MA20
002053,2026-04-30,11.57,12.21,5.53,5.96,1,3,趋势: 高于MA20
002053,2026-05-06,12.26,12.21,-0.41,-0.41,0,2,量能: 放量 (2.03X) | 趋势: 高于MA20 | 动量: 突破转强 (阳线上穿5/10)
002877,2026-04-30,9.13,9.25,1.31,1.31,1,3,趋势: 高于MA20 | 动量: 突破转强 (阳线上穿5/10)
002877,2026-05-06,9.15,9.25,1.09,1.09,1,2,趋势: 高于MA20 | 动量: 突破转强 (阳线上穿5/10)
600326,2026-04-30,9.37,9.58,2.24,2.24,1,3,趋势: 高于MA20 | 动量: 突破转强 (阳线上穿5/10)
600326,2026-05-06,9.46,9.58,1.27,1.27,1,2,趋势: 高于MA20 | 动量: 突破转强 (阳线上穿5/10)
002716,2026-05-06,12.27,11.8,-3.83,3.34,0,6,趋势: 高于MA20 | 动量: 突破转强 (阳线上穿5/10)
600679,2026-04-30,11.23,10.76,-4.19,-0.27,0,7,"形态: 两连阴 (-1.67%, -0.45%)"
002209,2026-04-30,15.06,14.82,-1.59,-1.59,0,3,趋势: 多头排列 (5>20>60) | 量能: 放量 (1.59X)
002209,2026-05-06,14.13,14.82,4.88,4.88,1,2,量能: 放量 (2.56X)
601177,2026-04-30,15.93,16.79,5.4,5.4,1,3,形态: 10日内有涨停 | 趋势: 高于MA20
601177,2026-05-06,16.73,16.79,0.36,0.36,1,2,"形态: 10日内有涨停 | 形态: 两连阴 (-1.91%, -0.06%) | 趋势: 高于MA20 | 动量: 突破转强 (阳线上穿5/10)"
002403,2026-04-30,11.04,11.67,5.71,5.71,1,3,量能: 放量 (1.67X) | 趋势: 高于MA20 | 动量: 突破转强 (阳线上穿5/10)
002403,2026-05-06,11.22,11.67,4.01,4.01,1,2,趋势: 高于MA20 | 动量: 突破转强 (阳线上穿5/10)
600848,2026-05-06,9.15,9.14,-0.11,-0.11,0,2,动量: 突破转强 (阳线上穿5/10)
603878,2026-04-30,7.95,7.9,-0.63,7.55,0,7,趋势: 高于MA20
603878,2026-05-06,7.97,7.9,-0.88,7.28,0,6,趋势: 高于MA20
600463,2026-04-30,10.79,11.31,4.82,4.82,1,3,趋势: 高于MA20 | 动量: 突破转强 (阳线上穿5/10)
600463,2026-05-06,10.81,11.31,4.63,4.63,1,2,趋势: 高于MA20 | 动量: 突破转强 (阳线上穿5/10)
603871,2026-04-30,12.74,12.29,-3.53,0.78,0,7,"形态: 两连阴 (-0.59%, -0.60%)"
603871,2026-05-06,12.71,12.29,-3.3,1.02,0,6,"形态: 两连阴 (-0.60%, -4.28%)"
002564,2026-04-30,6.17,6.3,2.11,2.11,1,3,趋势: 高于MA20
002564,2026-05-06,6.22,6.3,1.29,1.29,1,2,趋势: 高于MA20
600869,2026-04-30,16.99,18.93,11.42,15.19,1,3,趋势: 多头排列 (5>20>60) | 形态: 10日内有涨停 | 趋势: 高于MA20
600869,2026-05-06,18.24,18.93,3.78,7.29,1,2,趋势: 多头排列 (5>20>60) | 形态: 10日内有涨停 | 趋势: 高于MA20 | 动量: 突破转强 (阳线上穿5/10)
002405,2026-05-06,9.4,9.29,-1.17,2.87,0,6,量能: 放量 (1.55X) | 趋势: 高于MA20 | 动量: 突破转强 (阳线上穿5/10)
002918,2026-05-06,10.61,11.57,9.05,9.05,1,2,"形态: 两连阴 (-2.02%, -2.95%)"
601133,2026-05-06,23.76,25.68,8.08,8.08,1,2,趋势: 高于MA20 | 动量: 突破转强 (阳线上穿5/10)
603272,2026-04-30,26.8,31.73,18.4,18.4,1,7,形态: 10日内有涨停 | 动量: 突破转强 (阳线上穿5/10)
603272,2026-05-06,28.14,31.73,12.76,12.76,1,6,量能: 放量 (2.94X) | 形态: 10日内有涨停 | 动量: 突破转强 (阳线上穿5/10)
002765,2026-04-30,9.42,9.5,0.85,7.32,1,7,"形态: 两连阴 (-2.50%, -6.70%)"
002765,2026-05-06,9.46,9.5,0.42,6.87,1,6,"形态: 两连阴 (-6.70%, -0.53%)"
002757,2026-04-30,23.16,29.02,25.3,25.3,1,3,趋势: 高于MA20 | 动量: 突破转强 (阳线上穿5/10)
002757,2026-05-06,25.31,29.02,14.66,14.66,1,2,趋势: 多头排列 (5>20>60) | 量能: 放量 (1.72X) | 趋势: 高于MA20 | 动量: 突破转强 (阳线上穿5/10)
603032,2026-04-30,23.31,22.58,-3.13,13.26,0,7,趋势: 多头排列 (5>20>60) | 趋势: 高于MA20 | 动量: 突破转强 (阳线上穿5/10)
603032,2026-05-06,23.65,22.58,-4.52,11.63,0,6,趋势: 多头排列 (5>20>60) | 趋势: 高于MA20 | 动量: 突破转强 (阳线上穿5/10)
600933,2026-04-30,16.97,17.87,5.3,5.3,1,3,趋势: 高于MA20 | 动量: 突破转强 (阳线上穿5/10)
600933,2026-05-06,17.13,17.87,4.32,4.32,1,2,趋势: 高于MA20 | 动量: 突破转强 (阳线上穿5/10)
600676,2026-04-30,8.18,8.22,0.49,0.49,1,3,趋势: 高于MA20
600676,2026-05-06,7.95,8.22,3.4,3.4,1,2,趋势: 多头排列 (5>20>60) | 趋势: 高于MA20
002078,2026-04-30,14.71,14.77,0.41,0.54,1,3,趋势: 高于MA20
002078,2026-05-06,14.79,14.77,-0.14,-0.14,0,2,趋势: 高于MA20 | 动量: 突破转强 (阳线上穿5/10)
603006,2026-04-30,13.46,14.17,5.27,5.27,1,3,"形态: 两连阴 (-1.94%, -1.46%) | 趋势: 高于MA20"
603006,2026-05-06,13.75,14.17,3.05,3.05,1,2,趋势: 高于MA20 | 动量: 突破转强 (阳线上穿5/10)
000520,2026-05-06,3.98,4.18,5.03,5.03,1,2,动量: 突破转强 (阳线上穿5/10)
002858,2026-04-30,17.1,16.41,-4.04,-0.06,0,7,量能: 放量 (1.60X) | 趋势: 高于MA20 | 动量: 突破转强 (阳线上穿5/10)
002858,2026-05-06,16.79,16.41,-2.26,1.79,0,6,趋势: 多头排列 (5>20>60) | 趋势: 高于MA20
002583,2026-04-30,9.94,9.75,-1.91,2.41,0,7,量能: 放量 (1.57X)
002117,2026-04-30,10.2,10.63,4.22,4.22,1,3,趋势: 高于MA20 | 动量: 突破转强 (阳线上穿5/10)
002117,2026-05-06,10.28,10.63,3.4,3.4,1,2,趋势: 高于MA20 | 动量: 突破转强 (阳线上穿5/10)
603101,2026-04-30,11.06,8.18,-26.04,-5.15,0,7,趋势: 多头排列 (5>20>60) | 趋势: 高于MA20 | 动量: 突破转强 (阳线上穿5/10)
603101,2026-05-06,10.49,8.18,-22.02,-10.01,0,6,趋势: 多头排列 (5>20>60) | 趋势: 高于MA20
605066,2026-04-30,8.06,7.97,-1.12,-0.37,0,3,量能: 放量 (2.28X) | 趋势: 高于MA20 | 动量: 突破转强 (阳线上穿5/10)
605066,2026-05-06,8.01,7.97,-0.5,0.25,0,2,趋势: 高于MA20
603177,2026-04-30,12.09,11.64,-3.72,0.41,0,7,趋势: 高于MA20 | 动量: 突破转强 (阳线上穿5/10)
603177,2026-05-06,11.9,11.64,-2.18,2.02,0,6,趋势: 高于MA20
603225,2026-04-30,18.52,17.68,-4.54,2.81,0,5,趋势: 高于MA20 | 动量: 突破转强 (阳线上穿5/10)
603225,2026-05-06,19.04,17.68,-7.14,-3.99,0,4,趋势: 高于MA20 | 动量: 突破转强 (阳线上穿5/10)
603680,2026-04-30,14.36,14.65,2.02,2.86,1,3,"形态: 10日内有涨停 | 形态: 两连阴 (-1.52%, -0.28%) | 趋势: 高于MA20 | 动量: 突破转强 (阳线上穿5/10)"
603680,2026-05-06,14.51,14.65,0.96,1.79,1,2,形态: 10日内有涨停 | 趋势: 高于MA20 | 动量: 突破转强 (阳线上穿5/10)
600356,2026-04-30,9.93,10.02,0.91,1.61,1,3,量能: 放量 (1.60X) | 趋势: 高于MA20 | 动量: 突破转强 (阳线上穿5/10)
600356,2026-05-06,9.97,10.02,0.5,1.2,1,2,趋势: 多头排列 (5>20>60) | 趋势: 高于MA20 | 动量: 突破转强 (阳线上穿5/10)
600546,2026-04-30,14.06,13.33,-5.19,1.71,0,7,趋势: 多头排列 (5>20>60) | 趋势: 高于MA20 | 动量: 突破转强 (阳线上穿5/10)
600546,2026-05-06,14.3,13.33,-6.78,-2.38,0,6,趋势: 多头排列 (5>20>60) | 趋势: 高于MA20 | 动量: 突破转强 (阳线上穿5/10)
603178,2026-04-30,19.46,20.22,3.91,3.96,1,3,趋势: 多头排列 (5>20>60) | 形态: 10日内有涨停 | 趋势: 高于MA20 | 动量: 突破转强 (阳线上穿5/10)
603178,2026-05-06,19.5,20.22,3.69,3.74,1,2,趋势: 多头排列 (5>20>60) | 形态: 10日内有涨停 | 趋势: 高于MA20 | 动量: 突破转强 (阳线上穿5/10)
000830,2026-04-30,17.06,15.72,-7.85,-1.0,0,3,趋势: 高于MA20 | 动量: 突破转强 (阳线上穿5/10)
000830,2026-05-06,16.89,15.72,-6.93,-6.28,0,2,趋势: 高于MA20
600879,2026-04-30,23.97,24.1,0.54,11.72,1,7,趋势: 高于MA20
600879,2026-05-06,25.17,24.1,-4.25,6.4,0,6,趋势: 高于MA20 | 动量: 突破转强 (阳线上穿5/10)
002520,2026-04-30,5.93,6.75,13.83,13.83,1,3,量能: 放量 (2.38X) | 形态: 10日内有涨停 | 趋势: 高于MA20 | 动量: 突破转强 (阳线上穿5/10)
002520,2026-05-06,5.99,6.75,12.69,12.69,1,2,形态: 10日内有涨停 | 趋势: 高于MA20 | 动量: 突破转强 (阳线上穿5/10)
002887,2026-04-30,13.3,13.58,2.11,2.11,1,3,趋势: 多头排列 (5>20>60) | 趋势: 高于MA20 | 动量: 突破转强 (阳线上穿5/10)
002887,2026-05-06,12.9,13.58,5.27,5.27,1,2,趋势: 多头排列 (5>20>60) | 趋势: 高于MA20
002427,2026-04-30,5.79,5.51,-4.84,1.55,0,7,"形态: 两连阴 (-1.11%, -6.89%)"
002427,2026-05-06,5.69,5.51,-3.16,3.34,0,6,"形态: 两连阴 (-6.89%, -0.34%)"
600778,2026-04-30,6.83,6.8,-0.44,2.49,0,7,趋势: 高于MA20 | 动量: 突破转强 (阳线上穿5/10)
600778,2026-05-06,6.9,6.8,-1.45,1.45,0,6,趋势: 高于MA20 | 动量: 突破转强 (阳线上穿5/10)
002062,2026-04-30,8.85,9.9,11.86,11.86,1,3,趋势: 高于MA20
002062,2026-05-06,9.45,9.9,4.76,4.76,1,2,趋势: 高于MA20 | 动量: 突破转强 (阳线上穿5/10)
603823,2026-04-30,16.7,17.45,4.49,6.05,1,3,"量能: 放量 (1.77X) | 形态: 两连阴 (-0.06%, -1.66%) | 趋势: 高于MA20 | 动量: 突破转强 (阳线上穿5/10)"
603823,2026-05-06,17.1,17.45,2.05,3.57,1,2,趋势: 高于MA20 | 动量: 突破转强 (阳线上穿5/10)
002404,2026-04-30,7.04,7.15,1.56,1.56,1,3,趋势: 高于MA20
002404,2026-05-06,7.15,7.15,0.0,0.0,0,2,趋势: 高于MA20 | 动量: 突破转强 (阳线上穿5/10)
601600,2026-05-06,12.14,11.61,-4.37,-1.65,0,6,趋势: 高于MA20 | 动量: 突破转强 (阳线上穿5/10)
000812,2026-04-30,4.1,4.1,0.0,0.0,0,3,趋势: 高于MA20 | 动量: 突破转强 (阳线上穿5/10)
000812,2026-05-06,4.08,4.1,0.49,0.49,1,2,趋势: 高于MA20
600128,2026-04-30,10.61,10.58,-0.28,-0.19,0,3,"形态: 两连阴 (-0.19%, -0.09%) | 趋势: 高于MA20"
600128,2026-05-06,10.59,10.58,-0.09,-0.09,0,2,趋势: 高于MA20
605377,2026-04-30,9.83,10.09,2.64,2.64,1,5,量能: 放量 (1.84X) | 趋势: 高于MA20 | 动量: 突破转强 (阳线上穿5/10)
605377,2026-05-06,9.8,10.09,2.96,2.96,1,4,趋势: 高于MA20
600236,2026-04-30,10.09,10.57,4.76,5.45,1,3,趋势: 多头排列 (5>20>60) | 趋势: 高于MA20 | 动量: 突破转强 (阳线上穿5/10)
600236,2026-05-06,10.47,10.57,0.96,1.62,1,2,趋势: 多头排列 (5>20>60) | 趋势: 高于MA20 | 动量: 突破转强 (阳线上穿5/10)
000932,2026-04-30,4.64,4.49,-3.23,1.51,0,7,量能: 放量 (1.96X)
002998,2026-04-30,9.52,10.19,7.04,7.04,1,3,趋势: 多头排列 (5>20>60) | 趋势: 高于MA20 | 动量: 突破转强 (阳线上穿5/10)
002998,2026-05-06,10.08,10.19,1.09,1.09,1,2,趋势: 多头排列 (5>20>60) | 量能: 放量 (1.97X) | 趋势: 高于MA20 | 动量: 突破转强 (阳线上穿5/10)
001299,2026-05-06,11.11,11.29,1.62,1.62,1,2,"形态: 两连阴 (-27.03%, -3.95%)"
003016,2026-04-30,8.55,8.57,0.23,0.23,1,3,趋势: 高于MA20 | 动量: 突破转强 (阳线上穿5/10)
003016,2026-05-06,8.54,8.57,0.35,0.35,1,2,趋势: 高于MA20
001338,2026-04-30,13.27,12.47,-6.03,1.36,0,7,量能: 放量 (1.52X) | 趋势: 高于MA20 | 动量: 突破转强 (阳线上穿5/10)
001338,2026-05-06,13.45,12.47,-7.29,-0.82,0,6,趋势: 高于MA20 | 动量: 突破转强 (阳线上穿5/10)
603017,2026-04-30,15.4,16.69,8.38,8.38,1,3,趋势: 多头排列 (5>20>60) | 形态: 10日内有涨停 | 趋势: 高于MA20 | 动量: 突破转强 (阳线上穿5/10)
603017,2026-05-06,15.74,16.69,6.04,6.04,1,2,趋势: 多头排列 (5>20>60) | 形态: 10日内有涨停 | 趋势: 高于MA20 | 动量: 突破转强 (阳线上穿5/10)
002301,2026-04-30,6.9,7.27,5.36,5.36,1,3,形态: 10日内有涨停
002301,2026-05-06,7.12,7.27,2.11,2.11,1,2,形态: 10日内有涨停 | 趋势: 高于MA20 | 动量: 突破转强 (阳线上穿5/10)
002148,2026-04-30,7.89,8.19,3.8,3.8,1,3,趋势: 高于MA20 | 动量: 突破转强 (阳线上穿5/10)
002148,2026-05-06,8.08,8.19,1.36,1.36,1,2,趋势: 高于MA20 | 动量: 突破转强 (阳线上穿5/10)
002198,2026-04-30,5.84,5.01,-14.21,-4.97,0,3,"形态: 两连阴 (-1.97%, -9.60%)"
002587,2026-04-30,7.0,7.27,3.86,3.86,1,3,趋势: 高于MA20 | 动量: 突破转强 (阳线上穿5/10)
002587,2026-05-06,7.06,7.27,2.97,2.97,1,2,趋势: 高于MA20 | 动量: 突破转强 (阳线上穿5/10)
600271,2026-05-06,8.55,8.77,2.57,2.57,1,2,趋势: 高于MA20 | 动量: 突破转强 (阳线上穿5/10)
600854,2026-04-30,5.42,5.42,0.0,0.18,0,3,趋势: 高于MA20 | 动量: 突破转强 (阳线上穿5/10)
600854,2026-05-06,5.43,5.42,-0.18,-0.18,0,2,趋势: 高于MA20 | 动量: 突破转强 (阳线上穿5/10)
603429,2026-04-30,10.3,9.82,-4.66,-2.91,0,7,趋势: 高于MA20 | 动量: 突破转强 (阳线上穿5/10)
000886,2026-04-30,5.53,5.26,-4.88,-0.72,0,7,"形态: 两连阴 (-1.24%, -3.58%)"
600530,2026-04-30,5.43,7.9,45.49,46.04,1,7,量能: 放量 (1.71X) | 趋势: 高于MA20 | 动量: 突破转强 (阳线上穿5/10)
600530,2026-05-06,5.41,7.9,46.03,46.58,1,6,趋势: 高于MA20
002511,2026-04-30,8.53,8.3,-2.7,-1.29,0,3,趋势: 多头排列 (5>20>60)
002511,2026-05-06,8.42,8.3,-1.43,-1.19,0,2,趋势: 多头排列 (5>20>60)
600058,2026-04-30,11.12,11.64,4.68,5.94,1,5,趋势: 高于MA20
600058,2026-05-06,11.28,11.64,3.19,4.43,1,4,趋势: 高于MA20 | 动量: 突破转强 (阳线上穿5/10)
600961,2026-04-30,26.49,30.27,14.27,14.57,1,7,趋势: 多头排列 (5>20>60) | 形态: 10日内有涨停 | 趋势: 高于MA20
600961,2026-05-06,27.51,30.27,10.03,10.32,1,6,趋势: 多头排列 (5>20>60) | 形态: 10日内有涨停 | 趋势: 高于MA20
601002,2026-04-30,6.22,6.11,-1.77,0.16,0,3,趋势: 多头排列 (5>20>60) | 趋势: 高于MA20
601002,2026-05-06,6.23,6.11,-1.93,-0.96,0,2,趋势: 多头排列 (5>20>60) | 趋势: 高于MA20
603172,2026-04-30,21.58,22.18,2.78,5.75,1,7,趋势: 高于MA20 | 动量: 突破转强 (阳线上穿5/10)
603172,2026-05-06,21.87,22.18,1.42,4.34,1,6,趋势: 高于MA20 | 动量: 突破转强 (阳线上穿5/10)
001313,2026-04-30,8.47,9.59,13.22,13.22,1,3,"趋势: 多头排列 (5>20>60) | 形态: 两连阴 (-0.35%, -0.35%) | 趋势: 高于MA20"
001313,2026-05-06,8.7,9.59,10.23,10.23,1,2,"趋势: 多头排列 (5>20>60) | 形态: 两连阴 (-0.35%, -0.94%) | 趋势: 高于MA20 | 动量: 突破转强 (阳线上穿5/10)"
603421,2026-05-06,8.37,8.58,2.51,5.38,1,6,趋势: 高于MA20 | 动量: 突破转强 (阳线上穿5/10)
605303,2026-04-30,23.14,25.46,10.03,11.62,1,7,趋势: 多头排列 (5>20>60) | 趋势: 高于MA20 | 动量: 突破转强 (阳线上穿5/10)
605303,2026-05-06,25.45,25.46,0.04,1.49,1,6,趋势: 多头排列 (5>20>60) | 形态: 10日内有涨停 | 趋势: 高于MA20 | 动量: 突破转强 (阳线上穿5/10)
002085,2026-04-30,13.63,14.3,4.92,4.92,1,3,"形态: 两连阴 (-2.06%, -0.51%)"
002085,2026-05-06,13.87,14.3,3.1,3.1,1,2,"形态: 两连阴 (-0.51%, -0.51%)"
000048,2026-04-30,14.74,15.04,2.04,2.04,1,3,动量: 突破转强 (阳线上穿5/10)
002115,2026-04-30,14.41,14.31,-0.69,7.01,0,7,形态: 10日内有涨停 | 趋势: 高于MA20
002115,2026-05-06,14.93,14.31,-4.15,3.28,0,6,形态: 10日内有涨停 | 趋势: 高于MA20 | 动量: 突破转强 (阳线上穿5/10)
002235,2026-04-30,11.2,12.0,7.14,10.27,1,5,量能: 放量 (1.92X) | 形态: 10日内有涨停 | 趋势: 高于MA20 | 动量: 突破转强 (阳线上穿5/10)
002235,2026-05-06,11.92,12.0,0.67,3.61,1,4,量能: 放量 (1.59X) | 形态: 10日内有涨停 | 趋势: 高于MA20 | 动量: 突破转强 (阳线上穿5/10)
002631,2026-04-30,7.89,8.67,9.89,14.07,1,5,趋势: 多头排列 (5>20>60) | 量能: 放量 (1.55X) | 趋势: 高于MA20 | 动量: 突破转强 (阳线上穿5/10)
002631,2026-05-06,8.59,8.67,0.93,4.77,1,4,趋势: 多头排列 (5>20>60) | 量能: 放量 (2.10X) | 趋势: 高于MA20 | 动量: 突破转强 (阳线上穿5/10)
605155,2026-04-30,15.81,16.7,5.63,7.59,1,3,趋势: 高于MA20 | 动量: 突破转强 (阳线上穿5/10)
605155,2026-05-06,15.98,16.7,4.51,6.45,1,2,趋势: 高于MA20 | 动量: 突破转强 (阳线上穿5/10)
601777,2026-04-30,11.23,11.3,0.62,0.8,1,3,趋势: 多头排列 (5>20>60) | 趋势: 高于MA20
601777,2026-05-06,11.03,11.3,2.45,2.63,1,2,趋势: 多头排列 (5>20>60) | 趋势: 高于MA20
605366,2026-04-30,13.34,13.2,-1.05,1.5,0,3,"趋势: 多头排列 (5>20>60) | 形态: 两连阴 (-1.44%, -0.46%) | 趋势: 高于MA20"
605366,2026-05-06,13.54,13.2,-2.51,-0.81,0,2,趋势: 多头排列 (5>20>60) | 趋势: 高于MA20 | 动量: 突破转强 (阳线上穿5/10)
000753,2026-04-30,6.67,6.44,-3.45,2.85,0,7,动量: 突破转强 (阳线上穿5/10)
000753,2026-05-06,6.77,6.44,-4.87,1.33,0,6,趋势: 高于MA20 | 动量: 突破转强 (阳线上穿5/10)
000159,2026-04-30,6.5,6.89,6.0,6.0,1,7,"形态: 两连阴 (-0.90%, -1.22%) | 趋势: 高于MA20"
000159,2026-05-06,6.56,6.89,5.03,5.03,1,6,趋势: 高于MA20 | 动量: 突破转强 (阳线上穿5/10)
000551,2026-04-30,16.28,16.41,0.8,7.49,1,7,量能: 放量 (2.36X) | 形态: 10日内有涨停 | 趋势: 高于MA20 | 动量: 突破转强 (阳线上穿5/10)
000551,2026-05-06,16.42,16.41,-0.06,6.58,0,6,趋势: 多头排列 (5>20>60) | 形态: 10日内有涨停 | 趋势: 高于MA20 | 动量: 突破转强 (阳线上穿5/10)
603890,2026-04-30,18.87,10.25,-45.68,7.26,0,5,趋势: 多头排列 (5>20>60) | 趋势: 高于MA20
603890,2026-05-06,18.95,10.25,-45.91,6.81,0,4,趋势: 多头排列 (5>20>60) | 趋势: 高于MA20
600192,2026-04-30,8.26,8.62,4.36,4.36,1,3,动量: 突破转强 (阳线上穿5/10)
600192,2026-05-06,8.42,8.62,2.38,2.38,1,2,趋势: 高于MA20 | 动量: 突破转强 (阳线上穿5/10)
002960,2026-04-30,12.1,12.43,2.73,2.98,1,3,趋势: 高于MA20 | 动量: 突破转强 (阳线上穿5/10)
002960,2026-05-06,12.34,12.43,0.73,0.97,1,2,趋势: 高于MA20 | 动量: 突破转强 (阳线上穿5/10)
603079,2026-04-30,15.96,15.95,-0.06,1.82,0,3,"形态: 两连阴 (-1.82%, -0.68%)"
603079,2026-05-06,16.25,15.95,-1.85,-1.85,0,2,"形态: 两连阴 (-0.68%, -0.81%)"
600470,2026-04-30,6.98,6.72,-3.72,-0.57,0,3,趋势: 高于MA20
600470,2026-05-06,6.94,6.72,-3.17,-3.17,0,2,趋势: 高于MA20
002363,2026-04-30,8.4,8.25,-1.79,2.5,0,7,趋势: 高于MA20 | 动量: 突破转强 (阳线上穿5/10)
002363,2026-05-06,8.46,8.25,-2.48,1.77,0,6,趋势: 高于MA20 | 动量: 突破转强 (阳线上穿5/10)
002434,2026-05-06,7.22,7.76,7.48,7.48,1,2,"形态: 两连阴 (-0.28%, -1.39%)"
000593,2026-04-30,25.3,23.4,-7.51,6.72,0,7,趋势: 多头排列 (5>20>60) | 形态: 10日内有涨停 | 趋势: 高于MA20
000593,2026-05-06,27.0,23.4,-13.33,-2.63,0,6,趋势: 多头排列 (5>20>60) | 形态: 10日内有涨停 | 趋势: 高于MA20 | 动量: 突破转强 (阳线上穿5/10)
603208,2026-04-30,13.66,13.96,2.2,2.2,1,3,趋势: 高于MA20 | 动量: 突破转强 (阳线上穿5/10)
603208,2026-05-06,13.79,13.96,1.23,1.23,1,2,趋势: 高于MA20 | 动量: 突破转强 (阳线上穿5/10)
000703,2026-04-30,17.65,15.62,-11.5,3.29,0,3,趋势: 多头排列 (5>20>60) | 趋势: 高于MA20 | 动量: 突破转强 (阳线上穿5/10)
000703,2026-05-06,18.23,15.62,-14.32,-9.98,0,2,趋势: 多头排列 (5>20>60) | 趋势: 高于MA20 | 动量: 突破转强 (阳线上穿5/10)
603903,2026-04-30,12.24,13.65,11.52,11.52,1,7,形态: 10日内有涨停 | 趋势: 高于MA20 | 动量: 突破转强 (阳线上穿5/10)
603903,2026-05-06,12.4,13.65,10.08,10.08,1,6,形态: 10日内有涨停 | 趋势: 高于MA20 | 动量: 突破转强 (阳线上穿5/10)
600724,2026-04-30,6.97,8.09,16.07,16.07,1,3,趋势: 多头排列 (5>20>60) | 趋势: 高于MA20
600724,2026-05-06,7.09,8.09,14.1,14.1,1,2,趋势: 多头排列 (5>20>60) | 趋势: 高于MA20
600769,2026-04-30,16.0,17.8,11.25,11.25,1,3,趋势: 多头排列 (5>20>60) | 趋势: 高于MA20 | 动量: 突破转强 (阳线上穿5/10)
600769,2026-05-06,16.57,17.8,7.42,7.42,1,2,趋势: 多头排列 (5>20>60) | 趋势: 高于MA20 | 动量: 突破转强 (阳线上穿5/10)
000403,2026-05-06,11.71,11.35,-3.07,1.62,0,6,"形态: 两连阴 (-0.90%, -1.81%)"
002348,2026-04-30,11.13,12.47,12.04,18.33,1,7,趋势: 多头排列 (5>20>60) | 形态: 10日内有涨停 | 趋势: 高于MA20 | 动量: 突破转强 (阳线上穿5/10)
002348,2026-05-06,11.85,12.47,5.23,11.14,1,6,趋势: 多头排列 (5>20>60) | 形态: 10日内有涨停 | 趋势: 高于MA20 | 动量: 突破转强 (阳线上穿5/10)
000635,2026-05-06,8.19,8.01,-2.2,2.56,0,6,趋势: 高于MA20 | 动量: 突破转强 (阳线上穿5/10)
601636,2026-04-30,6.33,6.22,-1.74,5.06,0,3,"形态: 两连阴 (-4.39%, -0.31%) | 趋势: 高于MA20"
601636,2026-05-06,6.42,6.22,-3.12,3.58,0,2,"形态: 两连阴 (-0.31%, -2.76%) | 趋势: 高于MA20"
600857,2026-04-30,12.71,15.52,22.11,22.11,1,7,趋势: 高于MA20 | 动量: 突破转强 (阳线上穿5/10)
600857,2026-05-06,12.65,15.52,22.69,22.69,1,6,趋势: 高于MA20
600824,2026-04-30,4.1,4.0,-2.44,1.22,0,7,趋势: 高于MA20 | 动量: 突破转强 (阳线上穿5/10)
600824,2026-05-06,4.12,4.0,-2.91,0.73,0,6,趋势: 高于MA20 | 动量: 突破转强 (阳线上穿5/10)
002534,2026-05-06,17.93,17.89,-0.22,1.28,0,2,趋势: 高于MA20
600707,2026-04-30,8.09,10.77,33.13,33.13,1,7,趋势: 多头排列 (5>20>60) | 形态: 10日内有涨停 | 趋势: 高于MA20
600707,2026-05-06,8.22,10.77,31.02,31.02,1,6,趋势: 多头排列 (5>20>60) | 形态: 10日内有涨停 | 趋势: 高于MA20
002676,2026-04-30,7.12,8.15,14.47,14.47,1,3,趋势: 高于MA20 | 动量: 突破转强 (阳线上穿5/10)
002676,2026-05-06,7.47,8.15,9.1,9.1,1,2,趋势: 高于MA20 | 动量: 突破转强 (阳线上穿5/10)
000957,2026-04-30,11.93,11.77,-1.34,2.35,0,7,"趋势: 多头排列 (5>20>60) | 形态: 两连阴 (-2.41%, -0.90%) | 趋势: 高于MA20"
000957,2026-05-06,12.03,11.77,-2.16,1.5,0,6,"趋势: 多头排列 (5>20>60) | 形态: 两连阴 (-0.90%, -1.00%) | 趋势: 高于MA20"
603042,2026-05-06,20.07,21.85,8.87,8.87,1,2,"形态: 两连阴 (-0.50%, -2.82%)"
600468,2026-04-30,7.44,7.75,4.17,5.51,1,3,"形态: 两连阴 (-2.19%, -0.66%)"
600468,2026-05-06,7.65,7.75,1.31,2.61,1,2,"形态: 两连阴 (-0.66%, -1.59%)"
600336,2026-04-30,7.55,7.99,5.83,8.48,1,7,趋势: 高于MA20 | 动量: 突破转强 (阳线上穿5/10)
600336,2026-05-06,7.72,7.99,3.5,6.09,1,6,趋势: 高于MA20 | 动量: 突破转强 (阳线上穿5/10)
002401,2026-04-30,14.19,15.31,7.89,7.89,1,3,量能: 放量 (1.62X)
000863,2026-04-30,4.85,5.3,9.28,18.14,1,7,动量: 突破转强 (阳线上穿5/10)
000863,2026-05-06,5.34,5.3,-0.75,7.3,0,6,形态: 10日内有涨停 | 趋势: 高于MA20 | 动量: 突破转强 (阳线上穿5/10)
002724,2026-04-30,6.34,6.32,-0.32,0.0,0,3,"形态: 两连阴 (-0.56%, -9.93%)"
002724,2026-05-06,6.34,6.32,-0.32,-0.32,0,2,"形态: 两连阴 (-9.93%, -1.55%)"
600773,2026-04-30,27.2,21.88,-19.56,1.07,0,7,趋势: 多头排列 (5>20>60) | 趋势: 高于MA20
600773,2026-05-06,27.49,21.88,-20.41,-4.62,0,6,趋势: 多头排列 (5>20>60) | 趋势: 高于MA20 | 动量: 突破转强 (阳线上穿5/10)
000995,2026-05-06,13.66,14.07,3.0,3.0,1,2,"形态: 两连阴 (-0.07%, -0.15%) | 趋势: 高于MA20 | 动量: 突破转强 (阳线上穿5/10)"
002842,2026-04-30,38.49,38.14,-0.91,3.69,0,7,量能: 放量 (1.84X) | 形态: 10日内有涨停 | 趋势: 高于MA20 | 动量: 突破转强 (阳线上穿5/10)
002842,2026-05-06,39.37,38.14,-3.12,1.37,0,6,量能: 放量 (1.53X) | 形态: 10日内有涨停 | 趋势: 高于MA20 | 动量: 突破转强 (阳线上穿5/10)
002799,2026-04-30,8.64,8.78,1.62,1.62,1,3,趋势: 高于MA20 | 动量: 突破转强 (阳线上穿5/10)
002799,2026-05-06,8.69,8.78,1.04,1.04,1,2,趋势: 高于MA20 | 动量: 突破转强 (阳线上穿5/10)
000759,2026-04-30,5.49,5.39,-1.82,0.36,0,7,趋势: 高于MA20
000759,2026-05-06,5.5,5.39,-2.0,0.18,0,6,趋势: 高于MA20 | 动量: 突破转强 (阳线上穿5/10)
002346,2026-04-30,17.74,20.4,14.99,20.46,1,7,"形态: 两连阴 (-2.31%, -3.14%)"
600331,2026-04-30,18.14,18.28,0.77,0.77,1,3,趋势: 高于MA20
600331,2026-05-06,17.99,18.28,1.61,1.61,1,2,趋势: 高于MA20
600597,2026-05-06,7.46,7.22,-3.22,-0.8,0,6,趋势: 高于MA20 | 动量: 突破转强 (阳线上穿5/10)
002820,2026-04-30,11.49,11.43,-0.52,1.57,0,7,量能: 放量 (1.57X) | 趋势: 高于MA20 | 动量: 突破转强 (阳线上穿5/10)
002820,2026-05-06,11.62,11.43,-1.64,0.43,0,6,趋势: 高于MA20 | 动量: 突破转强 (阳线上穿5/10)
600371,2026-04-30,8.79,8.33,-5.23,-0.34,0,7,趋势: 高于MA20 | 动量: 突破转强 (阳线上穿5/10)
600371,2026-05-06,8.76,8.33,-4.91,-0.23,0,6,趋势: 高于MA20
603458,2026-04-30,11.96,13.4,12.04,13.63,1,7,趋势: 多头排列 (5>20>60) | 趋势: 高于MA20 | 动量: 突破转强 (阳线上穿5/10)
603458,2026-05-06,12.08,13.4,10.93,12.5,1,6,趋势: 多头排列 (5>20>60) | 趋势: 高于MA20 | 动量: 突破转强 (阳线上穿5/10)
002514,2026-04-30,3.4,2.92,-14.12,-5.0,0,3,"形态: 两连阴 (-10.00%, -10.05%)"
002275,2026-04-30,14.31,14.23,-0.56,2.59,0,7,趋势: 高于MA20 | 动量: 突破转强 (阳线上穿5/10)
002275,2026-05-06,14.6,14.23,-2.53,0.55,0,6,量能: 放量 (1.82X) | 趋势: 高于MA20 | 动量: 突破转强 (阳线上穿5/10)
002617,2026-04-30,7.69,8.01,4.16,4.42,1,3,趋势: 高于MA20
002617,2026-05-06,8.0,8.01,0.12,0.37,1,2,趋势: 高于MA20 | 动量: 突破转强 (阳线上穿5/10)
002068,2026-04-30,9.51,9.58,0.74,1.16,1,7,量能: 放量 (2.01X) | 趋势: 高于MA20 | 动量: 突破转强 (阳线上穿5/10)
002068,2026-05-06,9.57,9.58,0.1,0.52,1,6,趋势: 高于MA20 | 动量: 突破转强 (阳线上穿5/10)
603327,2026-04-30,10.8,10.64,-1.48,3.33,0,7,趋势: 多头排列 (5>20>60) | 趋势: 高于MA20
603327,2026-05-06,10.94,10.64,-2.74,2.01,0,6,"趋势: 多头排列 (5>20>60) | 形态: 两连阴 (-0.27%, -1.10%) | 趋势: 高于MA20 | 动量: 突破转强 (阳线上穿5/10)"
603928,2026-04-30,15.95,16.52,3.57,3.57,1,7,趋势: 高于MA20 | 动量: 突破转强 (阳线上穿5/10)
603928,2026-05-06,16.23,16.52,1.79,1.79,1,6,趋势: 高于MA20 | 动量: 突破转强 (阳线上穿5/10)
600960,2026-04-30,4.97,5.1,2.62,2.62,1,3,量能: 放量 (1.54X)
