代码,名称,信号日期,策略类型,信号价,当前总涨跌,平均表现,首次盈利天数,首次亏损天数,持仓天数,走势流,风险预警
000719,中原传媒,20260205,C_New_Strategy (最高共振),13.44,-15.10%,-2.83%,3,1,101,--++----++--------------+-----------++++++++++++++++-+++++++++++++-------+---------------------------,深度套牢 | 冲高回落
000937,冀中能源,20260205,A_Strong_Pullback (中风险接力),5.67,-23.81%,-5.08%,8,1,101,-------+-+++++++++++++++-++++++++--------------+--++-+-+-----------------++++------------------------,深度套牢 | 冲高回落
600463,空港股份,20260205,B_Low_Position_Start (低风险埋伏),11.73,-33.16%,-15.19%,1,11,103,++++++++++---------------------------------------------------------------------------------------------,深度套牢 | 冲高回落
600601,方正科技,20260602,A_Strong_Pullback (中风险接力),13.43,-12.81%,-0.83%,9,1,30,--------+++++--+--++++++-+----,深度套牢 | 冲高回落
000791,甘肃能源,20260602,E_Leader_Restart (二次启动),9.84,-27.85%,-16.17%,1,2,28,+---------------------------,深度套牢 | 冲高回落
002587,奥拓电子,20260701,A_Strong_Pullback (中风险接力),7.33,-26.74%,-14.84%,从未,1,8,--------,长期未回正 | 深度套牢
600058,五矿发展,20260701,E_Leader_Restart (二次启动),11.88,-25.25%,-12.09%,从未,1,10,----------,长期未回正 | 深度套牢
002698,博实股份,20251231,A_Strong_Pullback (中风险接力),17.05,-27.92%,-16.11%,6,1,126,-----++++++-++++--------------------------------------------------------------------------------------------------------------,深度套牢 | 冲高回落
002403,爱仕达,20251231,B_Low_Position_Start (低风险埋伏),12.9,-28.29%,-14.22%,6,1,127,-----+++--+++++----------------------------------------------------------------------------------------------------------------,深度套牢
002361,神剑股份,20251231,E_Leader_Restart (二次启动),13.04,-18.56%,17.72%,1,12,127,+++++++++++------------++++++-+++++------++----------++++++++++++++++++++++++++++++++++++++++++++++++++++++++++++++++++--------,深度套牢 | 冲高回落
002201,九鼎新材,20251231,E_Leader_Restart (二次启动),11.94,-32.24%,1.92%,6,1,127,-----+-++-+++++++++++++++++++++++++++++++++--------------------++-+++++++++++++++++++++--++----------------+++++++-------------,深度套牢 | 冲高回落
002363,隆基机械,20251231,E_Leader_Restart (二次启动),10.8,-42.41%,-24.56%,从未,1,127,-------------------------------------------------------------------------------------------------------------------------------,长期未回正 | 深度套牢
002202,金风科技,20251231,E_Leader_Restart (二次启动),20.2,-6.53%,27.45%,1,126,127,+++++++++++++++++++++++++++++++++++++++++++++++++++++++++++++++++++++++++++++++++++++++++++++++++++++++++++++++++++++++++++++--,冲高回落
600736,苏州高新,20251231,E_Leader_Restart (二次启动),6.75,-2.22%,5.14%,1,36,125,+++++++++++++++++++++++++++++++++++----------------------------------+++++++++++++++++++++++++++++++++++++++++++++--------++-,冲高回落
000987,越秀资本,20251231,E_Leader_Restart (二次启动),8.12,-5.54%,10.09%,1,58,124,+++++++++++++++++++++++++++++++++++++++++++++++++++++++++--++++++++++++++++++++++++++++++++---------++------++++---+-+++----,冲高回落
600354,敦煌种业,20251210,A_Strong_Pullback (中风险接力),6.73,-26.89%,-7.48%,2,1,116,-++++++++++++++++++--+++++++++++++++++++----++----------------------------------------------------------------------,深度套牢 | 冲高回落
603023,威帝股份,20251210,E_Leader_Restart (二次启动),5.1,-32.55%,-7.59%,1,12,116,+++++++++++---++++---++++----++++------------+++-------------------------+----+-------------------------------------,深度套牢 | 冲高回落
002752,昇兴股份,20251210,E_Leader_Restart (二次启动),8.55,-28.07%,-21.88%,12,1,142,-----------+----------------------------------------------------------------------------------------------------------------------------------,深度套牢
603709,中源家居,20251210,E_Leader_Restart (二次启动),19.7,-29.49%,-12.99%,1,5,141,++++-----------------------------------------------------------------------------------------+-+---------------------------------------------,深度套牢 | 冲高回落
600732,爱旭股份,20260210,A_Strong_Pullback (中风险接力),15.04,-25.53%,-7.53%,11,1,98,----------+++++++------++-+--------+++++++++++---+------------------------------------------------,深度套牢 | 冲高回落
600510,黑牡丹,20260210,A_Strong_Pullback (中风险接力),9.66,-34.68%,-9.51%,4,1,100,---+++++----------------------------------+++++++++++++--+------------------------------------------,深度套牢 | 冲高回落
002921,联诚精密,20260210,E_Leader_Restart (二次启动),24.82,6.89%,5.92%,8,1,100,-------++++++++++++++------------++++++++--++++++++++++++++++++++++++++++----------++++++++++++++-++,正常
002634,棒杰股份,20260210,E_Leader_Restart (二次启动),6.66,-38.29%,-12.18%,1,19,99,++++++++++++++++++------+++++++++++++++------------------------------------------------------------,深度套牢 | 冲高回落
600860,京城股份,20260210,E_Leader_Restart (二次启动),13.77,-42.85%,-20.42%,4,1,100,---+++++-++++++++++---------------------------------------------------------------------------------,深度套牢 | 冲高回落
601222,林洋能源,20260210,D_Strong_Breakout (高风险追涨/优化),6.25,-14.08%,-1.50%,2,3,98,-+----+---++++++++++++-+++++------------+---+------+-+-+---+++++++++++-+--------------------------,深度套牢 | 冲高回落
603703,盛洋科技,20251222,E_Leader_Restart (二次启动),14.75,-38.64%,-8.77%,9,1,134,--------++++++++++++++++++--++--+-----++++--------------------------------------------------------------------------------------------,深度套牢 | 冲高回落
603123,翠微股份,20251222,E_Leader_Restart (二次启动),13.98,-44.49%,-18.11%,30,1,116,-----------------------------+--------------------------------------------------------------------------------------,深度套牢
002355,兴民智通,20251222,E_Leader_Restart (二次启动),6.43,-37.33%,-4.95%,1,8,116,+++++++------+++++++++++++++++++++++++++++++++++--------------------++++++++++--------------------------------------,深度套牢 | 冲高回落
603221,爱丽家居,20251222,E_Leader_Restart (二次启动),13.55,-15.79%,-9.52%,8,1,134,-------++++----+-++-++----------------------------------------------------------------------------------------------------------------,深度套牢 | 冲高回落
000533,顺钠股份,20260209,E_Leader_Restart (二次启动),11.25,-25.60%,15.54%,1,2,99,+-+++++++-++++++++++++-+++++++++++++++++++++++++++++++++++++++++++++++++++-------------------------,深度套牢 | 冲高回落
600481,双良节能,20260209,E_Leader_Restart (二次启动),10.51,-60.70%,-39.29%,3,1,101,--+--------------------------------------------------------------------------------------------------,深度套牢
002584,西陇科学,20260122,E_Leader_Restart (二次启动),9.95,-19.30%,-15.10%,97,1,111,------------------------------------------------------------------------------------------------+++---++-------,深度套牢 | 冲高回落
603916,苏博特,20260122,E_Leader_Restart (二次启动),12.06,-10.78%,4.25%,1,10,111,+++++++++-+++++++++++-----------------------------------------++-+++++++++++++++++++++++++++++++++++++++++-----,深度套牢 | 冲高回落
600589,大位科技,20260223,E_Leader_Restart (二次启动),13.19,-40.56%,-17.12%,53,1,95,----------------------------------------------------+----+-------------------------------------,深度套牢
001330,博纳影业,20260223,E_Leader_Restart (二次启动),12.77,-61.79%,-40.85%,从未,1,97,-------------------------------------------------------------------------------------------------,长期未回正 | 深度套牢
000735,罗 牛 山,20251203,C_New_Strategy (最高共振),9.68,-48.04%,-26.77%,5,1,146,----++++++--+++++---------------------------------------------------------------------------------------------------------------------------------,深度套牢 | 冲高回落
603718,海利生物,20251203,B_Low_Position_Start (低风险埋伏),7.04,-59.80%,-39.50%,从未,1,116,--------------------------------------------------------------------------------------------------------------------,长期未回正 | 深度套牢
002019,亿帆医药,20251203,B_Low_Position_Start (低风险埋伏),12.86,-21.77%,-8.98%,1,2,119,+----+--------------------+++++++++++++++++----++-++-+++---------------------------------------------------------------,深度套牢 | 冲高回落
003018,金富科技,20251203,E_Leader_Restart (二次启动),22.35,132.66%,69.88%,45,1,146,--------------------------------------------+-++++++++++++++++++++++++++++++++++++++++++++++++++++++++++++++++++++++++++++++++++++++++++++++++++++,正常
000411,英特集团,20251203,E_Leader_Restart (二次启动),12.93,-28.15%,-12.92%,1,8,116,+++++++--------------------------------+----------------------------------------------------------------------------,深度套牢 | 冲高回落
000026,飞亚达,20260418,E_Leader_Restart (二次启动),16.2,8.58%,25.54%,1,34,57,+++++++++++++++++++++++++++++++++--++++++++++++++++++++++,正常
002729,好利科技,20260520,E_Leader_Restart (二次启动),21.07,-36.50%,-15.33%,从未,1,36,------------------------------------,长期未回正 | 深度套牢
603677,奇精机械,20260520,E_Leader_Restart (二次启动),17.17,-19.51%,-13.60%,1,6,37,+++++--+-+---------------------------,深度套牢 | 冲高回落
600028,中国石化,20260305,C_New_Strategy (最高共振),7.11,-29.25%,-24.90%,从未,1,89,-----------------------------------------------------------------------------------------,长期未回正 | 深度套牢
000993,闽东电力,20260305,E_Leader_Restart (二次启动),14.0,-30.64%,-8.83%,1,8,89,+++++++-+++-++++++++------------------------+---+-----+++++++----------------------------,深度套牢 | 冲高回落
000819,岳阳兴长,20260305,D_Strong_Breakout (高风险追涨/优化),17.48,-34.44%,-16.72%,从未,1,89,-----------------------------------------------------------------------------------------,长期未回正 | 深度套牢
002802,洪汇新材,20260421,E_Leader_Restart (二次启动),15.69,-34.80%,-18.74%,从未,1,55,-------------------------------------------------------,长期未回正 | 深度套牢
605388,均瑶健康,20260421,E_Leader_Restart (二次启动),8.31,-38.27%,-28.60%,从未,1,57,---------------------------------------------------------,长期未回正 | 深度套牢
603567,珍宝岛,20260505,B_Low_Position_Start (低风险埋伏),7.08,-29.66%,-13.79%,1,20,50,+++++++++++++++++++-------------------------------,深度套牢 | 冲高回落
002584,西陇科学,20260121,C_New_Strategy (最高共振),10.1,-20.50%,-16.23%,99,1,112,--------------------------------------------------------------------------------------------------++----+-------,深度套牢 | 冲高回落
600539,狮头股份,20260121,C_New_Strategy (最高共振),11.54,34.14%,24.10%,19,1,112,------------------+++----++++++++++--+++++++++++++++++++++++++++++++++++++++++++++++++++++++++++++++++++++++++++,正常
603012,创力集团,20260510,C_New_Strategy (最高共振),9.55,-18.01%,-9.59%,1,4,45,+++------+++++-------------------------------,深度套牢 | 冲高回落
603758,秦安股份,20260510,B_Low_Position_Start (低风险埋伏),13.44,-31.99%,-20.43%,从未,1,45,---------------------------------------------,长期未回正 | 深度套牢
002367,康力电梯,20260624,B_Low_Position_Start (低风险埋伏),5.98,-5.02%,9.90%,1,13,13,++++++++++++-,冲高回落
002068,黑猫股份,20260624,E_Leader_Restart (二次启动),11.5,-20.61%,10.97%,1,10,15,+++++++++-+----,深度套牢 | 冲高回落
603679,华体科技,20260624,E_Leader_Restart (二次启动),20.76,-14.31%,-6.49%,1,2,15,+--------------,深度套牢
003013,地铁设计,20260624,D_Strong_Breakout (高风险追涨/优化),16.98,-7.07%,-12.07%,从未,1,13,-------------,长期未回正
603065,宿迁联盛,20260227,C_New_Strategy (最高共振),9.65,121.76%,11.66%,15,1,91,--------------+----------------------------------------------------++++++++++++++++++++++++,正常
002207,准油股份,20260227,E_Leader_Restart (二次启动),11.59,-48.23%,-25.48%,1,10,91,+++++++++----------------------------------------------------------------------------------,深度套牢 | 冲高回落
002828,贝肯能源,20260227,E_Leader_Restart (二次启动),13.8,-5.72%,-15.31%,1,7,91,++++++-+++++-------------+-----------------------------------------------------------------,冲高回落
000554,泰山石油,20260227,E_Leader_Restart (二次启动),8.83,-33.75%,-13.17%,1,15,91,++++++++++++++-----------------------------------------------------------------------------,深度套牢 | 冲高回落
605033,美邦股份,20260227,E_Leader_Restart (二次启动),29.45,-42.11%,-27.87%,从未,1,91,-------------------------------------------------------------------------------------------,长期未回正 | 深度套牢
605006,山东玻纤,20260227,E_Leader_Restart (二次启动),10.69,48.27%,34.66%,36,1,93,-----------------------------------++--++++++++++++++++++++++++++++++++++++++++++++++++++++++,正常
601390,中国中铁,20260227,E_Leader_Restart (二次启动),6.19,-31.34%,-18.66%,1,2,91,+------------------------------------------------------------------------------------------,深度套牢
000968,蓝焰控股,20260227,E_Leader_Restart (二次启动),8.55,-25.15%,-1.09%,1,45,91,++++++++++++++++++++++++++++++++++++++++++++-------+---------------------------------------,深度套牢 | 冲高回落
600409,三友化工,20260227,E_Leader_Restart (二次启动),8.8,-36.36%,-19.88%,8,1,91,-------++----------------------------------------------------------------------------------,深度套牢
600026,中远海能,20260227,E_Leader_Restart (二次启动),20.15,-23.77%,5.65%,1,60,91,+++++++++++++++++++++++++++++++++++++++++++++++++++++++++++----------------++++------------,深度套牢 | 冲高回落
002587,奥拓电子,20260627,A_Strong_Pullback (中风险接力),7.33,-26.74%,-10.23%,2,1,11,-++--------,深度套牢 | 冲高回落
600058,五矿发展,20260627,E_Leader_Restart (二次启动),11.88,-25.25%,-10.21%,从未,1,13,-------------,长期未回正 | 深度套牢
000600,建投能源,20260317,E_Leader_Restart (二次启动),10.19,-21.49%,-4.52%,6,1,81,-----++---------------------------------+---++++++++++++--++++-------------------,深度套牢 | 冲高回落
600579,中化装备,20260620,E_Leader_Restart (二次启动),7.37,-5.29%,4.82%,1,3,18,++-++++++++++++++-,冲高回落
600601,方正科技,20260530,A_Strong_Pullback (中风险接力),13.43,-12.81%,-1.19%,11,1,32,----------+++++--+--++++++-+----,深度套牢 | 冲高回落
000791,甘肃能源,20260530,E_Leader_Restart (二次启动),9.84,-27.85%,-15.08%,2,1,30,-++---------------------------,深度套牢 | 冲高回落
600635,大众公用,20251204,A_Strong_Pullback (中风险接力),8.22,-47.45%,-29.33%,从未,1,143,-----------------------------------------------------------------------------------------------------------------------------------------------,长期未回正 | 深度套牢
002137,实益达,20251204,A_Strong_Pullback (中风险接力),9.47,-7.39%,-3.64%,39,1,146,--------------------------------------+++++++++--+------------------------------------------------------------------+++++++-+++++++++++++++++++++-,冲高回落
002520,日发精机,20251204,B_Low_Position_Start (低风险埋伏),6.4,-5.47%,-2.07%,1,4,146,+++---------------------+--------+-------------+++++++--++++++++++--------------------------------+++++++++++-----------+++++++++++++++++++++++---,冲高回落
603711,香飘飘,20251204,E_Leader_Restart (二次启动),15.38,-28.35%,-13.45%,1,2,145,+-+------------------------------------------------------------------------------------------------------+---------------------------------------,深度套牢
603223,恒通股份,20251204,D_Strong_Breakout (高风险追涨/优化),11.45,9.61%,-13.90%,86,1,119,-------------------------------------------------------------------------------------+-------------------++++++++++++++,正常
601098,中南传媒,20260105,B_Low_Position_Start (低风险埋伏),11.26,-12.88%,-2.75%,1,10,119,++++-+-++-----------+---------------------+---------------------------+++++++++-++-------------------------------------,深度套牢 | 冲高回落
002361,神剑股份,20260105,E_Leader_Restart (二次启动),14.34,-25.94%,7.14%,1,10,126,+++++++++--------------+++----+----------------------++++++++++++++++++++++++++++++++++++++++++++++++++++++++----++++---------,深度套牢 | 冲高回落
603332,苏州龙杰,20260105,E_Leader_Restart (二次启动),13.88,-27.95%,-6.36%,10,1,123,---------++++++-------+++++-++++--------+-++++--------------------++++++++++++++++++++-------------------------------------,深度套牢 | 冲高回落
600589,大位科技,20260220,E_Leader_Restart (二次启动),13.19,-40.56%,-17.12%,53,1,95,----------------------------------------------------+----+-------------------------------------,深度套牢
001330,博纳影业,20260220,E_Leader_Restart (二次启动),12.77,-61.79%,-40.85%,从未,1,97,-------------------------------------------------------------------------------------------------,长期未回正 | 深度套牢
600667,太极实业,20260118,C_New_Strategy (最高共振),9.3,123.76%,46.57%,1,14,116,+++++++++++++-++++++++++++++++++++++++++++++-----+++++++++++++++++++++++++++++++++++++++++++++++++++++++++++++++++++,正常
603058,永吉股份,20260118,C_New_Strategy (最高共振),10.56,-20.83%,6.23%,1,64,114,+++++++++++++++++++++++++++++++++++++++++++++++++++++++++++++++--++++++++++++-+-----------------------------------,深度套牢 | 冲高回落
600744,华银电力,20260118,C_New_Strategy (最高共振),6.63,-19.46%,14.36%,1,7,115,++++++----------------++++++++++++++++++++++++++++++++++++++++++++++++++++++++++++++++++++++++++++++++-------------,深度套牢 | 冲高回落
603618,杭电股份,20260118,A_Strong_Pullback (中风险接力),8.51,272.39%,240.00%,1,9,115,++++++-+-+++++++++++++++++++++++++++++-++++++++++++++++++++++++++++++++++++++++++++++++++++++++++++++++++++++++++++,正常
002112,三变科技,20260118,E_Leader_Restart (二次启动),19.97,-26.99%,4.41%,1,10,115,+++++++++-+++++++++++++++++++++++++++++++++++++++++++++++++++++-++++++++++++++-------------------------------------,深度套牢 | 冲高回落
002114,罗平锌电,20260118,E_Leader_Restart (二次启动),9.73,-37.00%,-9.72%,1,11,115,++++++++++-----------+++++++++++----------------------------------------+------------------------------------------,深度套牢 | 冲高回落
603023,威帝股份,20260118,E_Leader_Restart (二次启动),5.92,-41.89%,-20.57%,3,1,115,--+++++------------------------------------------------------------------------------------------------------------,深度套牢 | 冲高回落
002845,同兴达,20260118,D_Strong_Breakout (高风险追涨/优化),15.41,-7.79%,-2.90%,5,1,116,----+----------------++---++++++++-----------------------------------------++++++++-+--++-+----++++++++-++++---++++-,冲高回落
000862,银星能源,20260306,E_Leader_Restart (二次启动),7.31,-34.47%,-11.19%,1,7,88,++++++-++++++++----------------------------+------------+-+-----------------------------,深度套牢 | 冲高回落
600667,太极实业,20260117,C_New_Strategy (最高共振),9.3,123.76%,46.57%,1,14,116,+++++++++++++-++++++++++++++++++++++++++++++-----+++++++++++++++++++++++++++++++++++++++++++++++++++++++++++++++++++,正常
603058,永吉股份,20260117,C_New_Strategy (最高共振),10.56,-20.83%,6.23%,1,64,114,+++++++++++++++++++++++++++++++++++++++++++++++++++++++++++++++--++++++++++++-+-----------------------------------,深度套牢 | 冲高回落
600744,华银电力,20260117,C_New_Strategy (最高共振),6.63,-19.46%,14.36%,1,7,115,++++++----------------++++++++++++++++++++++++++++++++++++++++++++++++++++++++++++++++++++++++++++++++-------------,深度套牢 | 冲高回落
603618,杭电股份,20260117,A_Strong_Pullback (中风险接力),8.51,272.39%,240.00%,1,9,115,++++++-+-+++++++++++++++++++++++++++++-++++++++++++++++++++++++++++++++++++++++++++++++++++++++++++++++++++++++++++,正常
002112,三变科技,20260117,E_Leader_Restart (二次启动),19.97,-26.99%,4.41%,1,10,115,+++++++++-+++++++++++++++++++++++++++++++++++++++++++++++++++++-++++++++++++++-------------------------------------,深度套牢 | 冲高回落
002114,罗平锌电,20260117,E_Leader_Restart (二次启动),9.73,-37.00%,-9.72%,1,11,115,++++++++++-----------+++++++++++----------------------------------------+------------------------------------------,深度套牢 | 冲高回落
603023,威帝股份,20260117,E_Leader_Restart (二次启动),5.92,-41.89%,-20.57%,3,1,115,--+++++------------------------------------------------------------------------------------------------------------,深度套牢 | 冲高回落
002845,同兴达,20260117,D_Strong_Breakout (高风险追涨/优化),15.41,-7.79%,-2.90%,5,1,116,----+----------------++---++++++++-----------------------------------------++++++++-+--++-+----++++++++-++++---++++-,冲高回落
601098,中南传媒,20260102,B_Low_Position_Start (低风险埋伏),11.26,-12.88%,-2.75%,1,10,119,++++-+-++-----------+---------------------+---------------------------+++++++++-++-------------------------------------,深度套牢 | 冲高回落
002361,神剑股份,20260102,E_Leader_Restart (二次启动),14.34,-25.94%,7.05%,2,1,127,-+++++++++--------------+++----+----------------------++++++++++++++++++++++++++++++++++++++++++++++++++++++++----++++---------,深度套牢 | 冲高回落
603332,苏州龙杰,20260102,E_Leader_Restart (二次启动),13.88,-27.95%,-6.33%,11,1,124,----------++++++-------+++++-++++--------+-++++--------------------++++++++++++++++++++-------------------------------------,深度套牢 | 冲高回落
600589,大位科技,20260219,E_Leader_Restart (二次启动),13.19,-40.56%,-17.12%,53,1,95,----------------------------------------------------+----+-------------------------------------,深度套牢
001330,博纳影业,20260219,E_Leader_Restart (二次启动),12.77,-61.79%,-40.85%,从未,1,97,-------------------------------------------------------------------------------------------------,长期未回正 | 深度套牢
600601,方正科技,20260601,A_Strong_Pullback (中风险接力),13.43,-12.81%,-0.98%,10,1,31,---------+++++--+--++++++-+----,深度套牢 | 冲高回落
000791,甘肃能源,20260601,E_Leader_Restart (二次启动),9.84,-27.85%,-15.53%,1,3,29,++---------------------------,深度套牢 | 冲高回落
000048,京基智农,20260616,E_Leader_Restart (二次启动),18.91,11.63%,13.78%,1,2,20,+-++++++++++++++++++,正常
600667,太极实业,20260120,C_New_Strategy (最高共振),9.3,123.76%,47.34%,1,12,114,+++++++++++-++++++++++++++++++++++++++++++-----+++++++++++++++++++++++++++++++++++++++++++++++++++++++++++++++++++,正常
002196,方正电机,20260120,E_Leader_Restart (二次启动),16.53,-33.64%,-12.05%,1,7,115,++++++-++++-++++++++++----------------------------------------------------+--++------------------------------------,深度套牢 | 冲高回落
002114,罗平锌电,20260120,E_Leader_Restart (二次启动),9.73,-37.00%,-9.92%,1,9,113,++++++++-----------+++++++++++----------------------------------------+------------------------------------------,深度套牢 | 冲高回落
603023,威帝股份,20260120,E_Leader_Restart (二次启动),5.92,-41.89%,-20.86%,1,6,113,+++++------------------------------------------------------------------------------------------------------------,深度套牢 | 冲高回落
600841,动力新科,20260120,E_Leader_Restart (二次启动),6.86,-14.72%,21.91%,1,37,113,++++++++++++++++++++++++++++++++++++-+++++++++++++++++++++++++++++++++++++++++++++++++++++---+-------------------,深度套牢 | 冲高回落
002845,同兴达,20260120,D_Strong_Breakout (高风险追涨/优化),15.41,-7.79%,-2.90%,3,1,114,--+----------------++---++++++++-----------------------------------------++++++++-+--++-+----++++++++-++++---++++-,冲高回落
600955,维远股份,20260120,D_Strong_Breakout (高风险追涨/优化),18.72,-21.96%,-5.05%,1,33,113,++++++++++++++++++++++++++++++++----------+------------+---+++++++--+--------------------------------------------,深度套牢 | 冲高回落
600073,光明肉业,20260120,D_Strong_Breakout (高风险追涨/优化),6.75,-25.04%,-14.03%,从未,1,113,-----------------------------------------------------------------------------------------------------------------,长期未回正 | 深度套牢
002107,沃华医药,20260411,E_Leader_Restart (二次启动),7.53,-15.54%,-11.03%,2,1,62,-+++++++++--+-------------------------------------------------,深度套牢 | 冲高回落
002995,天地在线,20251202,A_Strong_Pullback (中风险接力),18.62,-15.41%,24.13%,1,4,119,+++-++++++++++++++++++++++++++++++++++++++-+++++++++++++++++++++++++++++++++++++++++++++++++++++++++++++++-----+-------,深度套牢 | 冲高回落
002995,天地在线,20251202,A_Strong_Pullback (中风险接力),18.62,-15.41%,24.13%,1,4,119,+++-++++++++++++++++++++++++++++++++++++++-+++++++++++++++++++++++++++++++++++++++++++++++++++++++++++++++-----+-------,深度套牢 | 冲高回落
603567,珍宝岛,20260506,B_Low_Position_Start (低风险埋伏),7.08,-29.66%,-14.10%,1,19,49,++++++++++++++++++-------------------------------,深度套牢 | 冲高回落
002579,中京电子,20251215,A_Strong_Pullback (中风险接力),11.89,23.04%,16.88%,5,1,139,----+-++-+++++++++++++++++++++------------+++++--++-+++++++++-++----++++++++++++++++++++-++++++++++++++++++++++++++++++++++++++++++++++++++,正常
002235,安妮股份,20251215,E_Leader_Restart (二次启动),12.85,-26.77%,-20.90%,从未,1,138,------------------------------------------------------------------------------------------------------------------------------------------,长期未回正 | 深度套牢
002725,跃岭股份,20251215,E_Leader_Restart (二次启动),19.08,-42.98%,-20.00%,从未,1,139,-------------------------------------------------------------------------------------------------------------------------------------------,长期未回正 | 深度套牢
000862,银星能源,20260307,E_Leader_Restart (二次启动),7.31,-34.47%,-11.19%,1,7,88,++++++-++++++++----------------------------+------------+-+-----------------------------,深度套牢 | 冲高回落
000533,顺钠股份,20260207,E_Leader_Restart (二次启动),11.25,-25.60%,15.40%,1,3,100,++-+++++++-++++++++++++-+++++++++++++++++++++++++++++++++++++++++++++++++++-------------------------,深度套牢 | 冲高回落
600481,双良节能,20260207,E_Leader_Restart (二次启动),10.51,-60.70%,-38.84%,1,2,102,+--+--------------------------------------------------------------------------------------------------,深度套牢 | 冲高回落
600271,航天信息,20260713,B_Low_Position_Start (低风险埋伏),6.86,-4.37%,-4.96%,从未,1,2,--,正常
000524,岭南控股,20260713,E_Leader_Restart (二次启动),9.87,-14.08%,-15.15%,从未,1,2,--,深度套牢
002828,贝肯能源,20260709,E_Leader_Restart (二次启动),11.87,9.60%,11.58%,1,从未,2,++,正常
605377,华旺科技,20260709,E_Leader_Restart (二次启动),9.67,1.86%,2.71%,1,从未,4,++++,正常
603890,春秋电子,20260608,E_Leader_Restart (二次启动),31.24,-28.43%,-20.19%,从未,1,24,------------------------,长期未回正 | 深度套牢
002137,实益达,20260608,E_Leader_Restart (二次启动),10.35,-15.27%,2.41%,1,3,26,++-----+++-+++++-+++++++--,深度套牢 | 冲高回落
000600,建投能源,20260315,E_Leader_Restart (二次启动),10.19,-21.49%,-4.58%,8,1,83,-------++---------------------------------+---++++++++++++--++++-------------------,深度套牢 | 冲高回落
600156,华升股份,20260423,E_Leader_Restart (二次启动),10.11,-24.04%,-0.12%,3,1,55,--+++++++++++++++++++++++------------------------------,深度套牢 | 冲高回落
603335,迪生力,20260423,E_Leader_Restart (二次启动),7.07,-7.78%,7.98%,3,1,53,--++--++++++++++-+--++++++---+++++++++++++++++++++++-,冲高回落
002383,合众思壮,20251217,C_New_Strategy (最高共振),10.62,-37.95%,-7.12%,3,1,137,--+-+++++++++++++++++++++++++++++++++++++++++++++++++------------------------------------------------------------------------------------,深度套牢 | 冲高回落
001318,阳光乳业,20251217,A_Strong_Pullback (中风险接力),16.67,-37.97%,-19.15%,2,1,136,-++-------------------------------------------------------------------------------------------------------------------------------------,深度套牢
600721,百花医药,20251217,A_Strong_Pullback (中风险接力),10.45,-27.56%,-16.68%,1,9,129,++++++++------------------------------------------------------+------------------------------------------------------------------,深度套牢 | 冲高回落
601366,利群股份,20251217,B_Low_Position_Start (低风险埋伏),4.99,-29.06%,-14.11%,1,9,136,++++++++-----+++--+++++++++++---++++----------------------------------------------------------------------------------------------------,深度套牢 | 冲高回落
000950,重药控股,20251217,E_Leader_Restart (二次启动),6.58,-15.05%,-10.61%,1,5,137,++++----------------------------------------------------------------+++--------------------++++------------------------------------------,深度套牢 | 冲高回落
603421,鼎信通讯,20251224,A_Strong_Pullback (中风险接力),8.43,-32.62%,-6.91%,46,1,132,---------------------------------------------++++++++++++++++++-+++-+--------------++++++--+----------------------------------------,深度套牢 | 冲高回落
603977,国泰集团,20251224,E_Leader_Restart (二次启动),14.59,-21.04%,0.48%,3,1,132,--+-----+++++++++++++++++------+++-++++++++++++--+++++++++++++++-+++----+++++-------++-+----------+++++++-------------+++++++-------,深度套牢 | 冲高回落
603012,创力集团,20260515,C_New_Strategy (最高共振),9.55,-18.01%,-10.87%,5,1,40,----+++++-------------------------------,深度套牢 | 冲高回落
603758,秦安股份,20260515,B_Low_Position_Start (低风险埋伏),13.44,-31.99%,-22.70%,从未,1,40,----------------------------------------,长期未回正 | 深度套牢
600589,大位科技,20260218,E_Leader_Restart (二次启动),13.19,-40.56%,-17.12%,53,1,95,----------------------------------------------------+----+-------------------------------------,深度套牢
001330,博纳影业,20260218,E_Leader_Restart (二次启动),12.77,-61.79%,-40.85%,从未,1,97,-------------------------------------------------------------------------------------------------,长期未回正 | 深度套牢
600028,中国石化,20260303,C_New_Strategy (最高共振),7.11,-29.25%,-24.32%,1,2,91,+------------------------------------------------------------------------------------------,深度套牢
002350,北京科锐,20260303,E_Leader_Restart (二次启动),11.89,26.75%,24.60%,1,从未,89,+++++++++++++++++++++++++++++++++++++++++++++++++++++++++++++++++++++++++++++++++++++++++,正常
000993,闽东电力,20260303,E_Leader_Restart (二次启动),14.0,-30.64%,-8.55%,1,10,91,+++++++++-+++-++++++++------------------------+---+-----+++++++----------------------------,深度套牢 | 冲高回落
000819,岳阳兴长,20260303,D_Strong_Breakout (高风险追涨/优化),17.48,-34.44%,-16.48%,从未,1,91,-------------------------------------------------------------------------------------------,长期未回正 | 深度套牢
002209,达 意 隆,20260115,C_New_Strategy (最高共振),17.25,-40.41%,-17.71%,62,1,118,-------------------------------------------------------------+--------------------------------------------------------,深度套牢
002197,ST证通,20260115,A_Strong_Pullback (中风险接力),11.0,-48.18%,-29.85%,从未,1,118,----------------------------------------------------------------------------------------------------------------------,长期未回正 | 深度套牢
600095,湘财股份,20260115,A_Strong_Pullback (中风险接力),11.82,-39.00%,-20.97%,从未,1,116,--------------------------------------------------------------------------------------------------------------------,长期未回正 | 深度套牢
002519,银河电子,20260115,E_Leader_Restart (二次启动),11.46,-55.06%,-32.42%,从未,1,118,----------------------------------------------------------------------------------------------------------------------,长期未回正 | 深度套牢
603282,亚光股份,20260115,E_Leader_Restart (二次启动),22.4,-39.37%,-14.73%,25,1,116,------------------------++++---+-------+----------------------------------------------------------------------------,深度套牢
600783,鲁信创投,20260115,E_Leader_Restart (二次启动),35.5,-55.30%,-37.98%,从未,1,118,----------------------------------------------------------------------------------------------------------------------,长期未回正 | 深度套牢
000066,中国长城,20260115,E_Leader_Restart (二次启动),16.74,7.83%,3.78%,4,1,116,---+++++----------------------++++------------------------------+++++++++++++++++++++++++++-------++++++++++++++++++,正常
002085,万丰奥威,20260115,D_Strong_Breakout (高风险追涨/优化),17.32,-41.40%,-19.43%,从未,1,117,---------------------------------------------------------------------------------------------------------------------,长期未回正 | 深度套牢
600769,祥龙电业,20260115,D_Strong_Breakout (高风险追涨/优化),13.83,19.09%,13.07%,33,1,116,--------------------------------++++++-------++++--+++++++++++++++++++++++++++++++++++++++++++++++++++++++++++++++++,正常
601098,中南传媒,20260101,B_Low_Position_Start (低风险埋伏),11.26,-12.88%,-2.75%,1,10,119,++++-+-++-----------+---------------------+---------------------------+++++++++-++-------------------------------------,深度套牢 | 冲高回落
002361,神剑股份,20260101,E_Leader_Restart (二次启动),14.34,-25.94%,7.05%,2,1,127,-+++++++++--------------+++----+----------------------++++++++++++++++++++++++++++++++++++++++++++++++++++++++----++++---------,深度套牢 | 冲高回落
603332,苏州龙杰,20260101,E_Leader_Restart (二次启动),13.88,-27.95%,-6.33%,11,1,124,----------++++++-------+++++-++++--------+-++++--------------------++++++++++++++++++++-------------------------------------,深度套牢 | 冲高回落
600589,大位科技,20260217,E_Leader_Restart (二次启动),13.19,-40.56%,-17.12%,53,1,95,----------------------------------------------------+----+-------------------------------------,深度套牢
001330,博纳影业,20260217,E_Leader_Restart (二次启动),12.77,-61.79%,-40.85%,从未,1,97,-------------------------------------------------------------------------------------------------,长期未回正 | 深度套牢
600998,九州通,20260126,C_New_Strategy (最高共振),5.58,-9.32%,-8.73%,从未,1,109,-------------------------------------------------------------------------------------------------------------,长期未回正
000670,盈方微,20260126,E_Leader_Restart (二次启动),9.69,-33.02%,-14.68%,76,1,109,---------------------------------------------------------------------------+---------+-----------------------,深度套牢
600192,长城电工,20260126,E_Leader_Restart (二次启动),11.35,-45.11%,-26.46%,从未,1,111,---------------------------------------------------------------------------------------------------------------,长期未回正 | 深度套牢
002727,一心堂,20260126,D_Strong_Breakout (高风险追涨/优化),14.04,-26.00%,-12.33%,2,1,109,-+++--++-++---------------------+----------------------------------------------------------------------------,深度套牢 | 冲高回落
603883,老百姓,20260126,D_Strong_Breakout (高风险追涨/优化),16.44,-30.35%,-19.28%,从未,1,109,-------------------------------------------------------------------------------------------------------------,长期未回正 | 深度套牢
600998,九州通,20260125,C_New_Strategy (最高共振),5.58,-9.32%,-8.64%,1,2,110,+-------------------------------------------------------------------------------------------------------------,正常
000670,盈方微,20260125,E_Leader_Restart (二次启动),9.69,-33.02%,-14.53%,1,2,110,+---------------------------------------------------------------------------+---------+-----------------------,深度套牢
600192,长城电工,20260125,E_Leader_Restart (二次启动),11.35,-45.11%,-26.25%,从未,1,112,----------------------------------------------------------------------------------------------------------------,长期未回正 | 深度套牢
002727,一心堂,20260125,D_Strong_Breakout (高风险追涨/优化),14.04,-26.00%,-12.22%,3,1,110,--+++--++-++---------------------+----------------------------------------------------------------------------,深度套牢 | 冲高回落
603883,老百姓,20260125,D_Strong_Breakout (高风险追涨/优化),16.44,-30.35%,-19.13%,从未,1,110,--------------------------------------------------------------------------------------------------------------,长期未回正 | 深度套牢
603006,联明股份,20260425,D_Strong_Breakout (高风险追涨/优化),13.64,-17.74%,0.26%,1,3,52,++--+++++++++++++---++++--+++--------+++++++++++----,深度套牢 | 冲高回落
002587,奥拓电子,20260629,A_Strong_Pullback (中风险接力),7.33,-26.74%,-10.94%,1,3,10,++--------,深度套牢 | 冲高回落
600058,五矿发展,20260629,E_Leader_Restart (二次启动),11.88,-25.25%,-10.64%,从未,1,12,------------,长期未回正 | 深度套牢
603110,东方材料,20260318,A_Strong_Pullback (中风险接力),17.66,29.05%,16.43%,22,1,78,---------------------+++++++++++++++++++++++++++++++++++++++++++++++++++++++++,正常
000617,中油资本,20260318,E_Leader_Restart (二次启动),9.89,-30.64%,-13.82%,1,18,80,+++++++++-+++++++---------------------------------------------------------------,深度套牢 | 冲高回落
600667,太极实业,20260119,C_New_Strategy (最高共振),9.3,123.76%,46.96%,1,13,115,++++++++++++-++++++++++++++++++++++++++++++-----+++++++++++++++++++++++++++++++++++++++++++++++++++++++++++++++++++,正常
603058,永吉股份,20260119,C_New_Strategy (最高共振),10.56,-20.83%,6.25%,1,63,113,++++++++++++++++++++++++++++++++++++++++++++++++++++++++++++++--++++++++++++-+-----------------------------------,深度套牢 | 冲高回落
600744,华银电力,20260119,C_New_Strategy (最高共振),6.63,-19.46%,14.44%,1,6,114,+++++----------------++++++++++++++++++++++++++++++++++++++++++++++++++++++++++++++++++++++++++++++++-------------,深度套牢 | 冲高回落
603618,杭电股份,20260119,A_Strong_Pullback (中风险接力),8.51,272.39%,242.05%,1,8,114,+++++-+-+++++++++++++++++++++++++++++-++++++++++++++++++++++++++++++++++++++++++++++++++++++++++++++++++++++++++++,正常
002112,三变科技,20260119,E_Leader_Restart (二次启动),19.97,-26.99%,4.36%,1,9,114,++++++++-+++++++++++++++++++++++++++++++++++++++++++++++++++++-++++++++++++++-------------------------------------,深度套牢 | 冲高回落
002114,罗平锌电,20260119,E_Leader_Restart (二次启动),9.73,-37.00%,-9.82%,1,10,114,+++++++++-----------+++++++++++----------------------------------------+------------------------------------------,深度套牢 | 冲高回落
603023,威帝股份,20260119,E_Leader_Restart (二次启动),5.92,-41.89%,-20.73%,2,1,114,-+++++------------------------------------------------------------------------------------------------------------,深度套牢 | 冲高回落
002845,同兴达,20260119,D_Strong_Breakout (高风险追涨/优化),15.41,-7.79%,-2.90%,4,1,115,---+----------------++---++++++++-----------------------------------------++++++++-+--++-+----++++++++-++++---++++-,冲高回落
600271,航天信息,20260712,B_Low_Position_Start (低风险埋伏),6.86,-4.37%,-5.00%,从未,1,3,---,长期未回正
600604,市北高新,20260712,B_Low_Position_Start (低风险埋伏),4.2,-0.24%,-0.24%,从未,1,1,-,正常
000524,岭南控股,20260712,E_Leader_Restart (二次启动),9.87,-14.08%,-13.44%,从未,1,3,---,长期未回正 | 深度套牢
002350,北京科锐,20260326,E_Leader_Restart (二次启动),15.19,-0.79%,-1.59%,26,1,72,-------------------------+++++++++++++++++++----++--+++-----------------,冲高回落
002350,北京科锐,20260327,E_Leader_Restart (二次启动),15.19,-0.79%,-1.57%,25,1,71,------------------------+++++++++++++++++++----++--+++-----------------,冲高回落
002510,天汽模,20260111,E_Leader_Restart (二次启动),7.79,-34.92%,-10.36%,1,2,116,+-+-++++++----------++++++--++++++-+--------------------------------------------------------------------------------,深度套牢 | 冲高回落
002023,海特高新,20260111,E_Leader_Restart (二次启动),14.85,-33.33%,-18.05%,1,2,122,+-------------------------------------------------------------------------------------------------------------------------,深度套牢
600830,香溢融通,20260111,D_Strong_Breakout (高风险追涨/优化),9.88,-21.56%,-7.84%,1,2,120,+-------++----------+-------+----------------------------------------+++++++++++++--------------------------------------,深度套牢 | 冲高回落
601098,中南传媒,20260103,B_Low_Position_Start (低风险埋伏),11.26,-12.88%,-2.75%,1,10,119,++++-+-++-----------+---------------------+---------------------------+++++++++-++-------------------------------------,深度套牢 | 冲高回落
002361,神剑股份,20260103,E_Leader_Restart (二次启动),14.34,-25.94%,7.05%,2,1,127,-+++++++++--------------+++----+----------------------++++++++++++++++++++++++++++++++++++++++++++++++++++++++----++++---------,深度套牢 | 冲高回落
603332,苏州龙杰,20260103,E_Leader_Restart (二次启动),13.88,-27.95%,-6.33%,11,1,124,----------++++++-------+++++-++++--------+-++++--------------------++++++++++++++++++++-------------------------------------,深度套牢 | 冲高回落
600589,大位科技,20260216,E_Leader_Restart (二次启动),13.19,-40.56%,-17.12%,53,1,95,----------------------------------------------------+----+-------------------------------------,深度套牢
001330,博纳影业,20260216,E_Leader_Restart (二次启动),12.77,-61.79%,-40.85%,从未,1,97,-------------------------------------------------------------------------------------------------,长期未回正 | 深度套牢
000710,贝瑞基因,20260106,B_Low_Position_Start (低风险埋伏),12.08,-37.09%,-13.92%,2,1,122,-+++++++++++++++--+++++++++++++-------------------------------------------------------------------------------------------,深度套牢 | 冲高回落
603108,润达医疗,20260106,B_Low_Position_Start (低风险埋伏),15.82,-42.04%,-15.45%,1,12,116,+++++++++++-+++-+++++++-+-------------------------------------------------------------------------------------------,深度套牢 | 冲高回落
002019,亿帆医药,20260106,B_Low_Position_Start (低风险埋伏),12.6,-20.16%,-7.10%,1,4,119,+++-+++++++---------------+++++++++++++++++-++-+++++++++---+-----------------------------------------------------------,深度套牢 | 冲高回落
600521,华海药业,20260106,B_Low_Position_Start (低风险埋伏),17.75,-5.13%,-10.90%,从未,1,119,-----------------------------------------------------------------------------------------------------------------------,长期未回正
600055,万东医疗,20260106,B_Low_Position_Start (低风险埋伏),16.38,-34.74%,-14.48%,1,10,119,+++++++++--------------------------------------------------------------------------------------------------------------,深度套牢 | 冲高回落
002755,奥赛康,20260106,B_Low_Position_Start (低风险埋伏),17.13,-16.23%,-10.04%,1,10,119,+++++++++---------------------------------+------------------------------+++------+------------------------------------,深度套牢 | 冲高回落
002177,御银股份,20260106,E_Leader_Restart (二次启动),8.62,-39.44%,-12.62%,1,7,125,++++++-------------------+---++++++++--++++++--------------------------------------------------------------------------------,深度套牢 | 冲高回落
603278,大业股份,20260106,E_Leader_Restart (二次启动),16.1,-41.99%,-23.15%,1,5,125,++++------------------------------------------------------------------------------+++----------------------------------------,深度套牢 | 冲高回落
603331,百达精工,20260106,E_Leader_Restart (二次启动),13.81,-20.35%,4.21%,3,1,125,--+++--++++++++++++++++++++++++++++++++++++++++++++++++++++++++++++++++++++++++++++++++++------------------------------------,深度套牢 | 冲高回落
002367,康力电梯,20260623,B_Low_Position_Start (低风险埋伏),5.98,-5.02%,9.89%,1,14,14,+++++++++++++-,冲高回落
002068,黑猫股份,20260623,E_Leader_Restart (二次启动),11.5,-20.61%,11.36%,1,11,16,++++++++++-+----,深度套牢 | 冲高回落
603679,华体科技,20260623,E_Leader_Restart (二次启动),20.76,-14.31%,-6.05%,1,3,16,++--------------,深度套牢
003013,地铁设计,20260623,D_Strong_Breakout (高风险追涨/优化),16.98,-7.07%,-11.34%,从未,1,14,--------------,长期未回正
002871,伟隆股份,20251218,A_Strong_Pullback (中风险接力),15.74,17.92%,23.62%,1,从未,136,++++++++++++++++++++++++++++++++++++++++++++++++++++++++++++++++++++++++++++++++++++++++++++++++++++++++++++++++++++++++++++++++++++++++,正常
603057,紫燕食品,20251218,B_Low_Position_Start (低风险埋伏),18.97,12.12%,40.64%,1,40,116,+++++++++++++++++++++++++++++++++++++++-++++++++++++++++++++++++++++++++++++++++++++++++++++++++++++++++++++++++++++,正常
000716,黑芝麻,20251218,E_Leader_Restart (二次启动),6.55,-29.77%,-16.28%,1,3,136,++-----------------++-------------------------------------------------------------------------------------------------------------------,深度套牢
002828,贝肯能源,20260708,E_Leader_Restart (二次启动),11.87,9.60%,8.79%,1,从未,3,+++,正常
605377,华旺科技,20260708,E_Leader_Restart (二次启动),9.67,1.86%,1.68%,2,1,5,-++++,正常
002510,天汽模,20260112,E_Leader_Restart (二次启动),7.79,-34.92%,-10.46%,2,1,115,-+-++++++----------++++++--++++++-+--------------------------------------------------------------------------------,深度套牢 | 冲高回落
002023,海特高新,20260112,E_Leader_Restart (二次启动),14.85,-33.33%,-18.23%,从未,1,121,-------------------------------------------------------------------------------------------------------------------------,长期未回正 | 深度套牢
600830,香溢融通,20260112,D_Strong_Breakout (高风险追涨/优化),9.88,-21.56%,-7.91%,8,1,119,-------++----------+-------+----------------------------------------+++++++++++++--------------------------------------,深度套牢 | 冲高回落
603065,宿迁联盛,20260302,C_New_Strategy (最高共振),9.65,121.76%,11.87%,14,1,90,-------------+----------------------------------------------------++++++++++++++++++++++++,正常
600470,六国化工,20260302,E_Leader_Restart (二次启动),7.94,-21.16%,-16.16%,4,1,90,---+++++++++------------------------------------------------------------------------------,深度套牢 | 冲高回落
002828,贝肯能源,20260302,E_Leader_Restart (二次启动),13.8,-5.72%,-15.57%,1,6,90,+++++-+++++-------------+-----------------------------------------------------------------,冲高回落
000554,泰山石油,20260302,E_Leader_Restart (二次启动),8.83,-33.75%,-13.45%,1,14,90,+++++++++++++-----------------------------------------------------------------------------,深度套牢 | 冲高回落
603315,福鞍股份,20260302,E_Leader_Restart (二次启动),17.7,-30.17%,-9.31%,33,1,90,--------------------------------+--++++----+++++++++--------------------------------------,深度套牢 | 冲高回落
601390,中国中铁,20260302,E_Leader_Restart (二次启动),6.19,-31.34%,-18.87%,从未,1,90,------------------------------------------------------------------------------------------,长期未回正 | 深度套牢
000968,蓝焰控股,20260302,E_Leader_Restart (二次启动),8.55,-25.15%,-1.22%,1,44,90,+++++++++++++++++++++++++++++++++++++++++++-------+---------------------------------------,深度套牢 | 冲高回落
600409,三友化工,20260302,E_Leader_Restart (二次启动),8.8,-36.36%,-20.09%,7,2,90,------++----------------------------------------------------------------------------------,深度套牢
002115,三维通信,20260430,E_Leader_Restart (二次启动),14.0,-25.50%,-13.14%,1,10,50,+++++++++-----------------------------------------,深度套牢 | 冲高回落
003036,泰坦股份,20260430,E_Leader_Restart (二次启动),33.83,115.81%,111.66%,1,从未,48,++++++++++++++++++++++++++++++++++++++++++++++++,正常
603890,春秋电子,20260606,E_Leader_Restart (二次启动),29.36,-23.84%,-14.64%,12,1,25,-----------+-------------,深度套牢
002125,湘潭电化,20260606,E_Leader_Restart (二次启动),16.2,-27.35%,-6.72%,2,1,27,-++++++++++----------------,深度套牢 | 冲高回落
002107,沃华医药,20260414,E_Leader_Restart (二次启动),7.53,-15.54%,-11.37%,1,9,60,++++++++--+-------------------------------------------------,深度套牢 | 冲高回落
600579,中化装备,20260621,E_Leader_Restart (二次启动),7.37,-5.29%,4.82%,1,3,18,++-++++++++++++++-,冲高回落
603006,联明股份,20260428,D_Strong_Breakout (高风险追涨/优化),13.64,-17.74%,0.23%,3,1,50,--+++++++++++++---++++--+++--------+++++++++++----,深度套牢 | 冲高回落
002757,南兴股份,20260108,E_Leader_Restart (二次启动),21.61,-21.89%,3.16%,1,6,121,+++++--------+---+++++++++++++-----++++---+-------------------++++++++++++++++++++++++++++++++++--+----------------------,深度套牢 | 冲高回落
002766,索菱股份,20260108,E_Leader_Restart (二次启动),7.08,-52.54%,-30.64%,从未,1,116,--------------------------------------------------------------------------------------------------------------------,长期未回正 | 深度套牢
002355,兴民智通,20260108,E_Leader_Restart (二次启动),6.59,-38.85%,-7.25%,1,7,116,++++++-------+++++++++++++++++++++++++++++++++-+--------------------++++---+----------------------------------------,深度套牢 | 冲高回落
600620,天宸股份,20260108,E_Leader_Restart (二次启动),7.12,-45.51%,-18.81%,1,2,119,+-----+-+----------+---------------------------------------------------------------------------------------------------,深度套牢
000949,新乡化纤,20260108,E_Leader_Restart (二次启动),6.02,-15.28%,18.70%,1,3,121,++-+++++++++++++++++++++++++++++++++++++++++++++++++++++++++++++++++++++++++++++++++++++++++++++++++++++++++++++++++-----,深度套牢 | 冲高回落
603110,东方材料,20260319,A_Strong_Pullback (中风险接力),17.66,29.05%,16.68%,21,1,77,--------------------+++++++++++++++++++++++++++++++++++++++++++++++++++++++++,正常
000617,中油资本,20260319,E_Leader_Restart (二次启动),9.89,-30.64%,-14.10%,1,17,79,++++++++-+++++++---------------------------------------------------------------,深度套牢 | 冲高回落
000600,建投能源,20260314,E_Leader_Restart (二次启动),10.19,-21.49%,-4.58%,8,1,83,-------++---------------------------------+---++++++++++++--++++-------------------,深度套牢 | 冲高回落
601199,江南水务,20260710,A_Strong_Pullback (中风险接力),6.05,-4.63%,-4.63%,从未,1,1,-,正常
600129,太极集团,20260710,E_Leader_Restart (二次启动),15.39,16.57%,16.57%,1,从未,1,+,正常
000524,岭南控股,20260710,E_Leader_Restart (二次启动),9.68,-12.40%,-11.74%,从未,1,3,---,长期未回正 | 深度套牢
600589,大位科技,20260222,E_Leader_Restart (二次启动),13.19,-40.56%,-17.12%,53,1,95,----------------------------------------------------+----+-------------------------------------,深度套牢
001330,博纳影业,20260222,E_Leader_Restart (二次启动),12.77,-61.79%,-40.85%,从未,1,97,-------------------------------------------------------------------------------------------------,长期未回正 | 深度套牢
000048,京基智农,20260613,E_Leader_Restart (二次启动),18.91,11.63%,12.21%,2,1,22,-++-++++++++++++++++++,正常
002054,德美化工,20260116,E_Leader_Restart (二次启动),8.52,-21.83%,0.07%,4,1,115,---+++++++++++++++++++++++++++++++++++---+-++++---+++++-+---------+++++++++----------------------------------------,深度套牢 | 冲高回落
000409,云鼎科技,20260116,E_Leader_Restart (二次启动),12.61,-37.19%,-18.33%,从未,1,115,-------------------------------------------------------------------------------------------------------------------,长期未回正 | 深度套牢
600839,四川长虹,20260116,E_Leader_Restart (二次启动),10.7,-31.03%,-19.38%,3,1,115,--+++--------------------------------------------------------------------------------------------------------------,深度套牢
000026,飞亚达,20260417,E_Leader_Restart (二次启动),16.2,8.58%,25.54%,1,34,57,+++++++++++++++++++++++++++++++++--++++++++++++++++++++++,正常
600058,五矿发展,20260128,E_Leader_Restart (二次启动),14.93,-40.52%,-23.53%,从未,1,109,-------------------------------------------------------------------------------------------------------------,长期未回正 | 深度套牢
002890,弘宇股份,20260128,E_Leader_Restart (二次启动),16.42,-16.02%,-3.13%,1,17,107,++++++++++++++++-------+---------------+---++---+------+++++++++++++++-+-----------------------------------,深度套牢 | 冲高回落
603926,铁流股份,20260128,E_Leader_Restart (二次启动),25.44,-35.85%,-19.37%,2,1,107,-+++++-----------------------------------------------------------------------------------------------------,深度套牢 | 冲高回落
002185,华天科技,20260128,E_Leader_Restart (二次启动),14.66,64.60%,6.98%,1,3,107,++-+---------++++-------------+-------------------------------+----++++++++++++++++++++++++++++++++++++++++,正常
600770,综艺股份,20260128,E_Leader_Restart (二次启动),6.62,-2.11%,-3.68%,1,3,107,++-++++++++----+--------------+-----------------------++++++++++++++++-++----------------------++++-----+--,冲高回落
601117,中国化学,20260128,E_Leader_Restart (二次启动),8.82,-16.78%,-4.93%,1,3,107,++-----------+++++++++++++++++---++++-++-++++++------------------------------------------------------------,深度套牢 | 冲高回落
000990,诚志股份,20260128,E_Leader_Restart (二次启动),8.96,3.35%,8.53%,1,3,107,++-------------------+--++++++-++++++++++++++++++++++++++++++++++++++++++++++++++++---+++-----------------+,正常
002815,崇达技术,20260128,E_Leader_Restart (二次启动),16.08,3.79%,-1.92%,15,1,107,--------------+-----------+-+---------------------------------++++-----+++++++++++++++++++++++++-++--+--+++,正常
600230,沧州大化,20260128,E_Leader_Restart (二次启动),18.89,-33.67%,-4.19%,1,30,107,+++++++++++++++++++++++++++++-------+-++-++++++++++++++++++------------------------------------------------,深度套牢 | 冲高回落
600552,凯盛科技,20260128,E_Leader_Restart (二次启动),15.65,20.64%,10.53%,53,1,109,----------------------------------------------------+--+---++++++++++++++++++++++++++++++++++++++++++++++++++,正常
000159,国际实业,20260128,E_Leader_Restart (二次启动),7.11,-21.24%,-9.03%,16,1,109,---------------+++++++----------------------------------------------+----------------------------------------,深度套牢 | 冲高回落
605366,宏柏新材,20260128,E_Leader_Restart (二次启动),7.06,30.17%,55.62%,5,1,109,----+++++++++++++++++++++++++++++++++++++++++++++++++++++++++++++++++++++++++++++++++++++++++++++++++++++++++,正常
600173,卧龙新能,20260128,E_Leader_Restart (二次启动),8.41,-33.53%,-13.27%,1,2,107,+----++++++-++---------------------------------------------------------------------------------------------,深度套牢 | 冲高回落
603078,江化微,20260128,E_Leader_Restart (二次启动),29.03,44.40%,6.97%,67,1,107,------------------------------------------------------------------+++++++++++++++++++++++++++++++++++++++++,正常
002165,红 宝 丽,20260128,E_Leader_Restart (二次启动),10.21,-46.43%,-8.92%,1,31,107,++++++++++++++++++++++++++++++---+-------------------------------------------------------------------------,深度套牢 | 冲高回落
600589,大位科技,20260215,E_Leader_Restart (二次启动),13.19,-40.56%,-17.12%,53,1,95,----------------------------------------------------+----+-------------------------------------,深度套牢
001330,博纳影业,20260215,E_Leader_Restart (二次启动),12.77,-61.79%,-40.85%,从未,1,97,-------------------------------------------------------------------------------------------------,长期未回正 | 深度套牢
601872,招商轮船,20260403,E_Leader_Restart (二次启动),19.47,-23.83%,-11.92%,1,4,66,+++-----------------+------------------------------++++-----------,深度套牢 | 冲高回落
603012,创力集团,20260511,C_New_Strategy (最高共振),9.55,-18.01%,-9.90%,1,3,44,++------+++++-------------------------------,深度套牢 | 冲高回落
603758,秦安股份,20260511,B_Low_Position_Start (低风险埋伏),13.44,-31.99%,-20.86%,从未,1,44,--------------------------------------------,长期未回正 | 深度套牢
603890,春秋电子,20260607,E_Leader_Restart (二次启动),31.24,-28.43%,-19.78%,从未,1,25,-------------------------,长期未回正 | 深度套牢
002137,实益达,20260607,E_Leader_Restart (二次启动),10.35,-15.27%,2.13%,2,1,27,-++-----+++-+++++-+++++++--,深度套牢 | 冲高回落
000719,中原传媒,20260206,C_New_Strategy (最高共振),13.44,-15.10%,-2.83%,2,1,100,-++----++--------------+-----------++++++++++++++++-+++++++++++++-------+---------------------------,深度套牢 | 冲高回落
000937,冀中能源,20260206,A_Strong_Pullback (中风险接力),5.67,-23.81%,-5.10%,7,1,100,------+-+++++++++++++++-++++++++--------------+--++-+-+-----------------++++------------------------,深度套牢 | 冲高回落
600463,空港股份,20260206,B_Low_Position_Start (低风险埋伏),11.73,-33.16%,-15.37%,1,10,102,+++++++++---------------------------------------------------------------------------------------------,深度套牢 | 冲高回落
603065,宿迁联盛,20260226,C_New_Strategy (最高共振),9.65,121.76%,11.50%,16,1,92,---------------+----------------------------------------------------++++++++++++++++++++++++,正常
002207,准油股份,20260226,E_Leader_Restart (二次启动),11.59,-48.23%,-25.23%,2,1,92,-+++++++++----------------------------------------------------------------------------------,深度套牢 | 冲高回落
002828,贝肯能源,20260226,E_Leader_Restart (二次启动),13.8,-5.72%,-15.16%,2,1,92,-++++++-+++++-------------+-----------------------------------------------------------------,冲高回落
000554,泰山石油,20260226,E_Leader_Restart (二次启动),8.83,-33.75%,-13.01%,1,16,92,+++++++++++++++-----------------------------------------------------------------------------,深度套牢 | 冲高回落
605033,美邦股份,20260226,E_Leader_Restart (二次启动),29.45,-42.11%,-27.74%,从未,1,92,--------------------------------------------------------------------------------------------,长期未回正 | 深度套牢
605006,山东玻纤,20260226,E_Leader_Restart (二次启动),10.69,48.27%,34.28%,37,1,94,------------------------------------++--++++++++++++++++++++++++++++++++++++++++++++++++++++++,正常
601390,中国中铁,20260226,E_Leader_Restart (二次启动),6.19,-31.34%,-18.44%,1,3,92,++------------------------------------------------------------------------------------------,深度套牢
000968,蓝焰控股,20260226,E_Leader_Restart (二次启动),8.55,-25.15%,-1.08%,1,46,92,+++++++++++++++++++++++++++++++++++++++++++++-------+---------------------------------------,深度套牢 | 冲高回落
600409,三友化工,20260226,E_Leader_Restart (二次启动),8.8,-36.36%,-19.68%,9,1,92,--------++----------------------------------------------------------------------------------,深度套牢
600026,中远海能,20260226,E_Leader_Restart (二次启动),20.15,-23.77%,5.61%,1,61,92,++++++++++++++++++++++++++++++++++++++++++++++++++++++++++++----------------++++------------,深度套牢 | 冲高回落
600906,财达证券,20260528,B_Low_Position_Start (低风险埋伏),6.74,3.86%,7.22%,3,1,31,--++-+++--+++++++++++++++++++++,正常
601958,金钼股份,20260528,E_Leader_Restart (二次启动),24.41,-8.89%,3.01%,11,1,31,----------+++++++++++++++------,冲高回落
002107,沃华医药,20260413,E_Leader_Restart (二次启动),7.53,-15.54%,-11.12%,1,10,61,+++++++++--+-------------------------------------------------,深度套牢 | 冲高回落
000559,万向钱潮,20260517,A_Strong_Pullback (中风险接力),17.5,-35.83%,-18.78%,1,6,42,+++++-------------------------------------,深度套牢
603809,豪能股份,20260517,A_Strong_Pullback (中风险接力),11.48,-21.60%,-13.84%,2,1,42,-+----------------------------------------,深度套牢
603018,华设集团,20260517,A_Strong_Pullback (中风险接力),7.6,-29.61%,-15.15%,2,1,42,-+----------------------------------------,深度套牢
002617,露笑科技,20260517,E_Leader_Restart (二次启动),9.36,-18.80%,-1.93%,2,1,40,-++--++++---------------+++-+++++--+-+--,深度套牢 | 冲高回落
002254,泰和新材,20260517,E_Leader_Restart (二次启动),14.18,-5.08%,9.64%,1,10,40,+++++++++-----++--++++++++++++++++++--+-,冲高回落
002277,友阿股份,20260517,E_Leader_Restart (二次启动),6.54,-12.23%,-2.84%,4,1,42,---++++++++--++-++------------------------,深度套牢 | 冲高回落
603567,珍宝岛,20260501,B_Low_Position_Start (低风险埋伏),7.08,-29.66%,-13.79%,1,20,50,+++++++++++++++++++-------------------------------,深度套牢 | 冲高回落
002115,三维通信,20260429,E_Leader_Restart (二次启动),14.0,-25.50%,-12.83%,1,11,51,++++++++++-----------------------------------------,深度套牢 | 冲高回落
003036,泰坦股份,20260429,E_Leader_Restart (二次启动),33.83,115.81%,109.32%,2,1,49,-++++++++++++++++++++++++++++++++++++++++++++++++,正常
600998,九州通,20260124,C_New_Strategy (最高共振),5.58,-9.32%,-8.64%,1,2,110,+-------------------------------------------------------------------------------------------------------------,正常
000670,盈方微,20260124,E_Leader_Restart (二次启动),9.69,-33.02%,-14.53%,1,2,110,+---------------------------------------------------------------------------+---------+-----------------------,深度套牢
600192,长城电工,20260124,E_Leader_Restart (二次启动),11.35,-45.11%,-26.25%,从未,1,112,----------------------------------------------------------------------------------------------------------------,长期未回正 | 深度套牢
002727,一心堂,20260124,D_Strong_Breakout (高风险追涨/优化),14.04,-26.00%,-12.22%,3,1,110,--+++--++-++---------------------+----------------------------------------------------------------------------,深度套牢 | 冲高回落
603883,老百姓,20260124,D_Strong_Breakout (高风险追涨/优化),16.44,-30.35%,-19.13%,从未,1,110,--------------------------------------------------------------------------------------------------------------,长期未回正 | 深度套牢
002591,恒大高新,20260508,E_Leader_Restart (二次启动),7.96,-24.87%,-3.42%,1,13,45,++++++++++++-+-------++----------------------,深度套牢 | 冲高回落
603095,越剑智能,20260508,E_Leader_Restart (二次启动),24.18,-46.15%,-25.73%,1,5,47,++++-------------------------------------------,深度套牢 | 冲高回落
603890,春秋电子,20260605,E_Leader_Restart (二次启动),29.36,-23.84%,-14.64%,12,1,25,-----------+-------------,深度套牢
002125,湘潭电化,20260605,E_Leader_Restart (二次启动),16.2,-27.35%,-6.72%,2,1,27,-++++++++++----------------,深度套牢 | 冲高回落
600906,财达证券,20260529,B_Low_Position_Start (低风险埋伏),6.74,3.86%,7.50%,2,1,30,-++-+++--+++++++++++++++++++++,正常
601958,金钼股份,20260529,E_Leader_Restart (二次启动),24.41,-8.89%,3.14%,10,1,30,---------+++++++++++++++------,冲高回落
603012,创力集团,20260512,C_New_Strategy (最高共振),9.55,-18.01%,-10.18%,1,2,43,+------+++++-------------------------------,深度套牢 | 冲高回落
603758,秦安股份,20260512,B_Low_Position_Start (低风险埋伏),13.44,-31.99%,-21.31%,从未,1,43,-------------------------------------------,长期未回正 | 深度套牢
603567,珍宝岛,20260504,B_Low_Position_Start (低风险埋伏),7.08,-29.66%,-13.79%,1,20,50,+++++++++++++++++++-------------------------------,深度套牢 | 冲高回落
002268,电科网安,20251228,C_New_Strategy (最高共振),20.33,-29.07%,-15.93%,2,1,129,-+++++++++++++---+-------------+-------------------------------------------------------------------------------------------------,深度套牢 | 冲高回落
000411,英特集团,20251228,A_Strong_Pullback (中风险接力),12.86,-27.76%,-12.44%,1,8,116,+++++++--------------------------------+----------------------------------------------------------------------------,深度套牢 | 冲高回落
002228,合兴包装,20251228,E_Leader_Restart (二次启动),6.33,-50.55%,-38.22%,从未,1,130,----------------------------------------------------------------------------------------------------------------------------------,长期未回正 | 深度套牢
002427,尤夫股份,20251228,E_Leader_Restart (二次启动),6.76,-38.76%,-9.26%,1,3,130,++----+-+-+++++++++++++++++++++++++++++++++++++++++-------------------------------------------------------------------------------,深度套牢 | 冲高回落
603012,创力集团,20260513,C_New_Strategy (最高共振),9.55,-18.01%,-10.47%,7,1,42,------+++++-------------------------------,深度套牢 | 冲高回落
603758,秦安股份,20260513,B_Low_Position_Start (低风险埋伏),13.44,-31.99%,-21.77%,从未,1,42,------------------------------------------,长期未回正 | 深度套牢
002585,双星新材,20260513,E_Leader_Restart (二次启动),8.78,5.24%,28.53%,4,1,44,---+--++++++++++++++++++++++++++++++++++++++,正常
603567,珍宝岛,20260502,B_Low_Position_Start (低风险埋伏),7.08,-29.66%,-13.79%,1,20,50,+++++++++++++++++++-------------------------------,深度套牢 | 冲高回落
000048,京基智农,20260615,E_Leader_Restart (二次启动),18.91,11.63%,13.18%,1,3,21,++-++++++++++++++++++,正常
600611,大众交通,20260107,C_New_Strategy (最高共振),6.07,-41.19%,-18.68%,3,1,119,--+-----+--------------------------------------------------------------------------++----------------------------------,深度套牢
600906,财达证券,20260107,B_Low_Position_Start (低风险埋伏),7.12,-1.69%,-4.19%,43,1,119,------------------------------------------+--------------------------------------------------------++++++++++++++++++--,冲高回落
600864,哈投股份,20260107,B_Low_Position_Start (低风险埋伏),6.94,-25.50%,-10.56%,1,3,119,++------------------------------------------------------+++++++++++----------------------------------------------------,深度套牢 | 冲高回落
002072,凯瑞德,20260107,E_Leader_Restart (二次启动),7.93,-13.87%,-2.46%,19,1,119,------------------+------+------------------------------------------------------------++--+++++++++++++++++++++++++----,深度套牢 | 冲高回落
601512,中新集团,20260107,E_Leader_Restart (二次启动),9.51,-19.03%,-3.73%,1,2,119,+----+++++++++-++++++++-++-+--------------+---------------------+++++++++++++------------------------------------------,深度套牢 | 冲高回落
600583,海油工程,20260213,C_New_Strategy (最高共振),7.17,-27.06%,-11.07%,1,12,95,+++++++++++-------+-----------------+----------------------------------------------------------,深度套牢 | 冲高回落
600769,祥龙电业,20260213,B_Low_Position_Start (低风险埋伏),12.86,28.07%,26.95%,1,6,95,+++++-+++-+++++++++----++++++++++++++++++++++++++++++++++++++++++++++++++++++++++++++++++++++++,正常
003018,金富科技,20260213,E_Leader_Restart (二次启动),23.54,120.90%,103.26%,2,1,97,-++++++++++++++++++++++++++++++++++++++++++++++++++++++++++++++++++++++++++++++++++++++++++++++++,正常
603058,永吉股份,20260213,E_Leader_Restart (二次启动),13.2,-36.67%,-15.76%,3,1,95,--+----++-+++----------------------------------------------------------------------------------,深度套牢
600579,中化装备,20260619,E_Leader_Restart (二次启动),7.37,-5.29%,4.82%,1,3,18,++-++++++++++++++-,冲高回落
603012,创力集团,20260514,C_New_Strategy (最高共振),9.55,-18.01%,-10.70%,6,1,41,-----+++++-------------------------------,深度套牢 | 冲高回落
603758,秦安股份,20260514,B_Low_Position_Start (低风险埋伏),13.44,-31.99%,-22.18%,从未,1,41,-----------------------------------------,长期未回正 | 深度套牢
002585,双星新材,20260514,E_Leader_Restart (二次启动),8.78,5.24%,29.30%,3,1,43,--+--++++++++++++++++++++++++++++++++++++++,正常
600589,大位科技,20260214,E_Leader_Restart (二次启动),13.19,-40.56%,-17.12%,53,1,95,----------------------------------------------------+----+-------------------------------------,深度套牢
001330,博纳影业,20260214,E_Leader_Restart (二次启动),12.77,-61.79%,-40.85%,从未,1,97,-------------------------------------------------------------------------------------------------,长期未回正 | 深度套牢
600579,中化装备,20260622,E_Leader_Restart (二次启动),7.37,-5.29%,5.05%,1,2,17,+-++++++++++++++-,冲高回落
002752,昇兴股份,20251216,A_Strong_Pullback (中风险接力),8.18,-24.82%,-18.71%,6,1,138,-----+-+----------------------------------------------------------------------------------------------------------------------------------,深度套牢 | 冲高回落
600212,绿能慧充,20251216,B_Low_Position_Start (低风险埋伏),8.61,-41.35%,-16.97%,从未,1,138,------------------------------------------------------------------------------------------------------------------------------------------,长期未回正 | 深度套牢
002235,安妮股份,20251216,E_Leader_Restart (二次启动),13.0,-27.62%,-21.90%,从未,1,137,-----------------------------------------------------------------------------------------------------------------------------------------,长期未回正 | 深度套牢
002347,泰尔股份,20251216,E_Leader_Restart (二次启动),8.07,-32.22%,4.96%,7,1,138,------++++++++++++++++++++++++++++++++++++++++++++++++++++++-++++++++--+++++++++++-----++++++++++++-+-------------------------------------,深度套牢 | 冲高回落
002752,昇兴股份,20251216,A_Strong_Pullback (中风险接力),8.18,-24.82%,-18.71%,6,1,138,-----+-+----------------------------------------------------------------------------------------------------------------------------------,深度套牢 | 冲高回落
600212,绿能慧充,20251216,B_Low_Position_Start (低风险埋伏),8.61,-41.35%,-16.97%,从未,1,138,------------------------------------------------------------------------------------------------------------------------------------------,长期未回正 | 深度套牢
002235,安妮股份,20251216,E_Leader_Restart (二次启动),13.0,-27.62%,-21.90%,从未,1,137,-----------------------------------------------------------------------------------------------------------------------------------------,长期未回正 | 深度套牢
002347,泰尔股份,20251216,E_Leader_Restart (二次启动),8.07,-32.22%,4.96%,7,1,138,------++++++++++++++++++++++++++++++++++++++++++++++++++++++-++++++++--+++++++++++-----++++++++++++-+-------------------------------------,深度套牢 | 冲高回落
603212,赛伍技术,20260603,A_Strong_Pullback (中风险接力),15.46,-29.50%,-12.25%,1,5,27,++++-+++++-----------------,深度套牢 | 冲高回落
603633,徕木股份,20260603,E_Leader_Restart (二次启动),9.06,-33.22%,-19.41%,从未,1,29,-----------------------------,长期未回正 | 深度套牢
002700,万憬能源,20260603,E_Leader_Restart (二次启动),7.94,-29.72%,-6.30%,1,14,27,+++++++++++++--------------,深度套牢 | 冲高回落
601918,新集能源,20260603,E_Leader_Restart (二次启动),10.97,-14.68%,-13.83%,1,2,27,+--------------------------,深度套牢
002729,好利科技,20260519,E_Leader_Restart (二次启动),21.07,-36.50%,-14.87%,1,2,37,+------------------------------------,深度套牢
603677,奇精机械,20260519,E_Leader_Restart (二次启动),17.17,-19.51%,-13.28%,2,1,38,-+++++--+-+---------------------------,深度套牢 | 冲高回落
603012,创力集团,20260516,C_New_Strategy (最高共振),9.55,-18.01%,-10.87%,5,1,40,----+++++-------------------------------,深度套牢 | 冲高回落
603758,秦安股份,20260516,B_Low_Position_Start (低风险埋伏),13.44,-31.99%,-22.70%,从未,1,40,----------------------------------------,长期未回正 | 深度套牢
000586,汇源通信,20260415,E_Leader_Restart (二次启动),23.19,-49.55%,-29.10%,从未,1,61,-------------------------------------------------------------,长期未回正 | 深度套牢
000026,飞亚达,20260415,E_Leader_Restart (二次启动),16.2,8.58%,24.98%,1,36,59,+++++++++++++++++++++++++++++++++++--++++++++++++++++++++++,正常
600589,大位科技,20260224,E_Leader_Restart (二次启动),13.19,-40.56%,-17.20%,52,1,94,---------------------------------------------------+----+-------------------------------------,深度套牢
001330,博纳影业,20260224,E_Leader_Restart (二次启动),12.77,-61.79%,-41.17%,从未,1,96,------------------------------------------------------------------------------------------------,长期未回正 | 深度套牢
600318,新力金融,20251223,A_Strong_Pullback (中风险接力),9.07,-35.17%,-13.49%,1,3,119,++------------------------+++++++++++-----+----------------------------------------------------------------------------,深度套牢 | 冲高回落
603535,嘉诚国际,20251223,B_Low_Position_Start (低风险埋伏),11.59,-47.28%,-26.53%,从未,1,133,-------------------------------------------------------------------------------------------------------------------------------------,长期未回正 | 深度套牢
600889,南京化纤,20251223,B_Low_Position_Start (低风险埋伏),15.75,-3.81%,0.65%,1,42,118,+++++++++++++++++++++++++++++++++++++++++-----------------------+-------++---------++++++++-+-+++++++--------+++++-++-,冲高回落
002735,王子新材,20251223,E_Leader_Restart (二次启动),17.79,-36.31%,-8.12%,1,15,119,++++++++++++++-++++++++++++++----------------------------------------------------------------++++++++++++--------------,深度套牢 | 冲高回落
002491,通鼎互联,20251223,E_Leader_Restart (二次启动),6.95,193.09%,130.74%,25,1,133,------------------------+++++++++++++++++++++++++++++++++++++++++++++++++++++++++++++++++++++++++++++++++++++++++++++++++++++++++++++,正常
002766,索菱股份,20251223,E_Leader_Restart (二次启动),6.02,-44.19%,-18.43%,1,2,116,+---++--------------------------------------------------------------------------------------------------------------,深度套牢 | 冲高回落
600468,百利电气,20251223,E_Leader_Restart (二次启动),7.22,-30.33%,1.14%,2,1,133,-+------++++++++++++++++---++++++++++++++++++++++++++++++++++++++++++++++++++++++++++++++++++----------------------------------------,深度套牢 | 冲高回落
002204,大连重工,20251223,E_Leader_Restart (二次启动),7.65,-32.16%,-13.00%,2,1,133,-+-------++++------++++-----+--------------------------------------------------------------------------------------------------------,深度套牢 | 冲高回落
002666,德联集团,20251225,A_Strong_Pullback (中风险接力),5.63,-29.13%,-8.81%,17,1,131,----------------++++++-+--+-++++--+++++--+++++++++++-------------------------------------------------------------------------------,深度套牢 | 冲高回落
600877,电科芯片,20251225,A_Strong_Pullback (中风险接力),16.07,-5.16%,8.08%,1,54,129,+++++++++++++++++++++++++++++++++++++++++++++++++++++-------+---++++++++++++++++++++++++++++-++--------------------+++-+++++--++-,冲高回落
601133,柏诚股份,20251225,E_Leader_Restart (二次启动),17.48,91.59%,33.43%,14,1,131,-------------+++++++++-+++++-+----+++++---------------+++++-+++++++++++++++++++++++++++++++++++++++++++++--++++++++++++++++++++++++,正常
600694,大商股份,20260113,C_New_Strategy (最高共振),20.05,-29.53%,-16.50%,从未,1,116,--------------------------------------------------------------------------------------------------------------------,长期未回正 | 深度套牢
600784,鲁银投资,20260113,E_Leader_Restart (二次启动),7.73,-5.43%,-5.59%,62,1,118,-------------------------------------------------------------+----+----------++++++++++------------------------+------,冲高回落
600028,中国石化,20260304,C_New_Strategy (最高共振),7.11,-29.25%,-24.63%,从未,1,90,------------------------------------------------------------------------------------------,长期未回正 | 深度套牢
000993,闽东电力,20260304,E_Leader_Restart (二次启动),14.0,-30.64%,-8.67%,1,9,90,++++++++-+++-++++++++------------------------+---+-----+++++++----------------------------,深度套牢 | 冲高回落
000819,岳阳兴长,20260304,D_Strong_Breakout (高风险追涨/优化),17.48,-34.44%,-16.61%,从未,1,90,------------------------------------------------------------------------------------------,长期未回正 | 深度套牢
002107,沃华医药,20260412,E_Leader_Restart (二次启动),7.53,-15.54%,-11.03%,2,1,62,-+++++++++--+-------------------------------------------------,深度套牢 | 冲高回落
000700,模塑科技,20251226,A_Strong_Pullback (中风险接力),11.25,25.60%,22.57%,1,53,130,++++++++++++++++++++++++++++++++++++++++++++++++++++-+++++++++-+++-+++++++--+-++++++++++++++++++++++++++++++++++++++++++++++++++++,正常
000948,南天信息,20251226,B_Low_Position_Start (低风险埋伏),17.56,-22.89%,-12.82%,1,19,130,++++++++++++++++++----------------------------------------------------------------------------------------------------------------,深度套牢 | 冲高回落
600106,重庆路桥,20251226,B_Low_Position_Start (低风险埋伏),6.5,-32.15%,-11.51%,12,1,129,-----------+++++++---------------------------------------------------------------------------------------------------------------,深度套牢
002383,合众思壮,20251226,E_Leader_Restart (二次启动),11.74,-43.87%,-16.52%,1,15,130,++++++++++++++---+-------------------++++++++-------------------------------------------------------------------------------------,深度套牢 | 冲高回落
002166,莱茵生物,20251226,E_Leader_Restart (二次启动),9.43,-26.19%,-10.27%,19,1,130,------------------+++------------------------+------------------------------------------------------------------------------------,深度套牢
002427,尤夫股份,20251226,E_Leader_Restart (二次启动),6.69,-38.12%,-8.31%,1,4,130,+++---+++-++++++++++++++++++++++++++++++++++++++++++-------------+----------------------------------------------------------------,深度套牢 | 冲高回落
603587,地素时尚,20251226,D_Strong_Breakout (高风险追涨/优化),13.77,-14.67%,-8.58%,从未,1,130,----------------------------------------------------------------------------------------------------------------------------------,长期未回正 | 深度套牢
603065,宿迁联盛,20260228,C_New_Strategy (最高共振),9.65,121.76%,11.66%,15,1,91,--------------+----------------------------------------------------++++++++++++++++++++++++,正常
600470,六国化工,20260228,E_Leader_Restart (二次启动),7.94,-21.16%,-15.92%,1,2,91,+---+++++++++------------------------------------------------------------------------------,深度套牢 | 冲高回落
002828,贝肯能源,20260228,E_Leader_Restart (二次启动),13.8,-5.72%,-15.31%,1,7,91,++++++-+++++-------------+-----------------------------------------------------------------,冲高回落
000554,泰山石油,20260228,E_Leader_Restart (二次启动),8.83,-33.75%,-13.17%,1,15,91,++++++++++++++-----------------------------------------------------------------------------,深度套牢 | 冲高回落
603315,福鞍股份,20260228,E_Leader_Restart (二次启动),17.7,-30.17%,-9.26%,34,1,91,---------------------------------+--++++----+++++++++--------------------------------------,深度套牢 | 冲高回落
601390,中国中铁,20260228,E_Leader_Restart (二次启动),6.19,-31.34%,-18.66%,1,2,91,+------------------------------------------------------------------------------------------,深度套牢
000968,蓝焰控股,20260228,E_Leader_Restart (二次启动),8.55,-25.15%,-1.09%,1,45,91,++++++++++++++++++++++++++++++++++++++++++++-------+---------------------------------------,深度套牢 | 冲高回落
600409,三友化工,20260228,E_Leader_Restart (二次启动),8.8,-36.36%,-19.88%,8,1,91,-------++----------------------------------------------------------------------------------,深度套牢
603006,联明股份,20260427,D_Strong_Breakout (高风险追涨/优化),13.64,-17.74%,0.23%,1,2,51,+--+++++++++++++---++++--+++--------+++++++++++----,深度套牢 | 冲高回落
002268,电科网安,20251227,C_New_Strategy (最高共振),20.33,-29.07%,-15.93%,2,1,129,-+++++++++++++---+-------------+-------------------------------------------------------------------------------------------------,深度套牢 | 冲高回落
000411,英特集团,20251227,A_Strong_Pullback (中风险接力),12.86,-27.76%,-12.44%,1,8,116,+++++++--------------------------------+----------------------------------------------------------------------------,深度套牢 | 冲高回落
002228,合兴包装,20251227,E_Leader_Restart (二次启动),6.33,-50.55%,-38.22%,从未,1,130,----------------------------------------------------------------------------------------------------------------------------------,长期未回正 | 深度套牢
002427,尤夫股份,20251227,E_Leader_Restart (二次启动),6.76,-38.76%,-9.26%,1,3,130,++----+-+-+++++++++++++++++++++++++++++++++++++++++-------------------------------------------------------------------------------,深度套牢 | 冲高回落
603065,宿迁联盛,20260301,C_New_Strategy (最高共振),9.65,121.76%,11.66%,15,1,91,--------------+----------------------------------------------------++++++++++++++++++++++++,正常
600470,六国化工,20260301,E_Leader_Restart (二次启动),7.94,-21.16%,-15.92%,1,2,91,+---+++++++++------------------------------------------------------------------------------,深度套牢 | 冲高回落
002828,贝肯能源,20260301,E_Leader_Restart (二次启动),13.8,-5.72%,-15.31%,1,7,91,++++++-+++++-------------+-----------------------------------------------------------------,冲高回落
000554,泰山石油,20260301,E_Leader_Restart (二次启动),8.83,-33.75%,-13.17%,1,15,91,++++++++++++++-----------------------------------------------------------------------------,深度套牢 | 冲高回落
603315,福鞍股份,20260301,E_Leader_Restart (二次启动),17.7,-30.17%,-9.26%,34,1,91,---------------------------------+--++++----+++++++++--------------------------------------,深度套牢 | 冲高回落
601390,中国中铁,20260301,E_Leader_Restart (二次启动),6.19,-31.34%,-18.66%,1,2,91,+------------------------------------------------------------------------------------------,深度套牢
000968,蓝焰控股,20260301,E_Leader_Restart (二次启动),8.55,-25.15%,-1.09%,1,45,91,++++++++++++++++++++++++++++++++++++++++++++-------+---------------------------------------,深度套牢 | 冲高回落
600409,三友化工,20260301,E_Leader_Restart (二次启动),8.8,-36.36%,-19.88%,8,1,91,-------++----------------------------------------------------------------------------------,深度套牢
000533,顺钠股份,20260208,E_Leader_Restart (二次启动),11.25,-25.60%,15.40%,1,3,100,++-+++++++-++++++++++++-+++++++++++++++++++++++++++++++++++++++++++++++++++-------------------------,深度套牢 | 冲高回落
600481,双良节能,20260208,E_Leader_Restart (二次启动),10.51,-60.70%,-38.84%,1,2,102,+--+--------------------------------------------------------------------------------------------------,深度套牢 | 冲高回落
601098,中南传媒,20260104,B_Low_Position_Start (低风险埋伏),11.26,-12.88%,-2.75%,1,10,119,++++-+-++-----------+---------------------+---------------------------+++++++++-++-------------------------------------,深度套牢 | 冲高回落
002361,神剑股份,20260104,E_Leader_Restart (二次启动),14.34,-25.94%,7.05%,2,1,127,-+++++++++--------------+++----+----------------------++++++++++++++++++++++++++++++++++++++++++++++++++++++++----++++---------,深度套牢 | 冲高回落
603332,苏州龙杰,20260104,E_Leader_Restart (二次启动),13.88,-27.95%,-6.33%,11,1,124,----------++++++-------+++++-++++--------+-++++--------------------++++++++++++++++++++-------------------------------------,深度套牢 | 冲高回落
002995,天地在线,20260123,E_Leader_Restart (二次启动),21.64,-27.22%,7.85%,1,34,110,+++++++++++++++++++++++++++++++++-+++-+++++++++++++++++++++-+++++++++++++------++++++-+++-+-------------------,深度套牢 | 冲高回落
603916,苏博特,20260123,E_Leader_Restart (二次启动),12.06,-10.78%,4.26%,1,9,110,++++++++-+++++++++++-----------------------------------------++-+++++++++++++++++++++++++++++++++++++++++-----,深度套牢 | 冲高回落
600841,动力新科,20260123,E_Leader_Restart (二次启动),7.7,-24.03%,8.78%,1,34,110,+++++++++++++++++++++++++++++++++-+++++++++++++++++++++++++++++++++++++++-------+-----------------------------,深度套牢 | 冲高回落
000045,深纺织Ａ,20260123,E_Leader_Restart (二次启动),13.28,-31.55%,-9.80%,1,2,110,+----------------+--------+----++---++++++--------------------------------------------------------------------,深度套牢 | 冲高回落
600601,方正科技,20260531,A_Strong_Pullback (中风险接力),13.43,-12.81%,-1.19%,11,1,32,----------+++++--+--++++++-+----,深度套牢 | 冲高回落
000791,甘肃能源,20260531,E_Leader_Restart (二次启动),9.84,-27.85%,-15.08%,2,1,30,-++---------------------------,深度套牢 | 冲高回落
601390,中国中铁,20260127,C_New_Strategy (最高共振),5.8,-26.72%,-11.31%,2,3,108,-+-----------+++++++++-++++---------------------------------------------------------------------------------,深度套牢 | 冲高回落
603078,江化微,20260127,E_Leader_Restart (二次启动),29.4,42.59%,5.49%,68,1,108,-------------------------------------------------------------------+++++++++++++++++++++++++++++++++++++++++,正常
000670,盈方微,20260127,E_Leader_Restart (二次启动),9.91,-34.51%,-16.65%,75,1,108,--------------------------------------------------------------------------+---------+-----------------------,深度套牢
002658,雪迪龙,20260127,E_Leader_Restart (二次启动),10.44,-32.76%,-14.07%,9,1,110,--------++---++++++++++++-------------------------------------------------------------------------------------,深度套牢 | 冲高回落
603138,海量数据,20260127,E_Leader_Restart (二次启动),17.83,-28.15%,3.38%,1,2,108,+------++++++++++++++++++++++++-+++++++++++++++++++++++++++++++++++++++-+-------++--------------------------,深度套牢 | 冲高回落
603883,老百姓,20260127,D_Strong_Breakout (高风险追涨/优化),16.44,-30.35%,-19.42%,从未,1,108,------------------------------------------------------------------------------------------------------------,长期未回正 | 深度套牢
002579,中京电子,20251213,A_Strong_Pullback (中风险接力),11.89,23.04%,16.76%,1,2,140,+----+-++-+++++++++++++++++++++------------+++++--++-+++++++++-++----++++++++++++++++++++-++++++++++++++++++++++++++++++++++++++++++++++++++,正常
002235,安妮股份,20251213,E_Leader_Restart (二次启动),12.85,-26.77%,-20.74%,1,2,139,+------------------------------------------------------------------------------------------------------------------------------------------,深度套牢
002725,跃岭股份,20251213,E_Leader_Restart (二次启动),19.08,-42.98%,-19.93%,从未,1,140,--------------------------------------------------------------------------------------------------------------------------------------------,长期未回正 | 深度套牢
000048,京基智农,20260614,E_Leader_Restart (二次启动),18.91,11.63%,12.21%,2,1,22,-++-++++++++++++++++++,正常
603703,盛洋科技,20251221,E_Leader_Restart (二次启动),14.75,-38.64%,-8.75%,10,1,135,---------++++++++++++++++++--++--+-----++++--------------------------------------------------------------------------------------------,深度套牢 | 冲高回落
603123,翠微股份,20251221,E_Leader_Restart (二次启动),13.98,-44.49%,-18.11%,30,1,116,-----------------------------+--------------------------------------------------------------------------------------,深度套牢
002355,兴民智通,20251221,E_Leader_Restart (二次启动),6.43,-37.33%,-4.95%,1,8,116,+++++++------+++++++++++++++++++++++++++++++++++--------------------++++++++++--------------------------------------,深度套牢 | 冲高回落
603221,爱丽家居,20251221,E_Leader_Restart (二次启动),13.55,-15.79%,-9.46%,9,1,135,--------++++----+-++-++----------------------------------------------------------------------------------------------------------------,深度套牢 | 冲高回落
601199,江南水务,20260711,A_Strong_Pullback (中风险接力),6.05,-4.63%,-4.63%,从未,1,1,-,正常
600129,太极集团,20260711,E_Leader_Restart (二次启动),15.39,16.57%,16.57%,1,从未,1,+,正常
000524,岭南控股,20260711,E_Leader_Restart (二次启动),9.68,-12.40%,-11.74%,从未,1,3,---,长期未回正 | 深度套牢
002510,天汽模,20260110,E_Leader_Restart (二次启动),7.79,-34.92%,-10.36%,1,2,116,+-+-++++++----------++++++--++++++-+--------------------------------------------------------------------------------,深度套牢 | 冲高回落
002023,海特高新,20260110,E_Leader_Restart (二次启动),14.85,-33.33%,-18.05%,1,2,122,+-------------------------------------------------------------------------------------------------------------------------,深度套牢
600830,香溢融通,20260110,D_Strong_Breakout (高风险追涨/优化),9.88,-21.56%,-7.84%,1,2,120,+-------++----------+-------+----------------------------------------+++++++++++++--------------------------------------,深度套牢 | 冲高回落
002871,伟隆股份,20251219,A_Strong_Pullback (中风险接力),15.74,17.92%,23.78%,1,从未,135,+++++++++++++++++++++++++++++++++++++++++++++++++++++++++++++++++++++++++++++++++++++++++++++++++++++++++++++++++++++++++++++++++++++++,正常
603057,紫燕食品,20251219,B_Low_Position_Start (低风险埋伏),18.97,12.12%,40.64%,1,40,116,+++++++++++++++++++++++++++++++++++++++-++++++++++++++++++++++++++++++++++++++++++++++++++++++++++++++++++++++++++++,正常
000546,金圆股份,20251219,E_Leader_Restart (二次启动),6.8,-35.29%,-9.86%,1,6,135,+++++--------++-------+-----------------+---------------------+-----------++----+++++++++++++------------------------------------------,深度套牢 | 冲高回落
600589,大位科技,20260221,E_Leader_Restart (二次启动),13.19,-40.56%,-17.12%,53,1,95,----------------------------------------------------+----+-------------------------------------,深度套牢
001330,博纳影业,20260221,E_Leader_Restart (二次启动),12.77,-61.79%,-40.85%,从未,1,97,-------------------------------------------------------------------------------------------------,长期未回正 | 深度套牢
603703,盛洋科技,20251220,E_Leader_Restart (二次启动),14.75,-38.64%,-8.75%,10,1,135,---------++++++++++++++++++--++--+-----++++--------------------------------------------------------------------------------------------,深度套牢 | 冲高回落
603123,翠微股份,20251220,E_Leader_Restart (二次启动),13.98,-44.49%,-18.11%,30,1,116,-----------------------------+--------------------------------------------------------------------------------------,深度套牢
002355,兴民智通,20251220,E_Leader_Restart (二次启动),6.43,-37.33%,-4.95%,1,8,116,+++++++------+++++++++++++++++++++++++++++++++++--------------------++++++++++--------------------------------------,深度套牢 | 冲高回落
603221,爱丽家居,20251220,E_Leader_Restart (二次启动),13.55,-15.79%,-9.46%,9,1,135,--------++++----+-++-++----------------------------------------------------------------------------------------------------------------,深度套牢 | 冲高回落
000739,普洛药业,20260114,C_New_Strategy (最高共振),17.79,15.06%,-0.80%,1,2,119,+-+++++++++++++++++++++++++-----++++++++------++++--+-+--++--+++++++++--+++-----------------------------------+++-+++++,正常
002519,银河电子,20260114,E_Leader_Restart (二次启动),10.42,-50.58%,-25.47%,24,1,119,-----------------------+-----------------------------------------------------------------------------------------------,深度套牢
000892,欢瑞世纪,20260114,E_Leader_Restart (二次启动),8.61,-53.77%,-34.34%,19,1,117,------------------+++------------------------------------------------------------------------------------------------,深度套牢 | 冲高回落
002354,天娱数科,20260114,E_Leader_Restart (二次启动),7.74,3.36%,-11.09%,1,2,117,+--------------------------------------------------------------------------------------------+++-----++++++++++++++++,正常
002858,力盛体育,20260114,E_Leader_Restart (二次启动),17.1,-37.43%,-14.35%,23,1,119,----------------------+------------------------------------------------------------------------------------------------,深度套牢
002181,粤 传 媒,20260114,E_Leader_Restart (二次启动),10.5,-19.05%,22.47%,1,3,116,++-++++++++++++++++++++++------+++++++++-+++++++++++++++++++++++++++++++++++++++++++++++++++++++++++++--------------,深度套牢 | 冲高回落
600152,维科技术,20260114,E_Leader_Restart (二次启动),8.07,-1.98%,29.90%,16,1,118,---------------++----++++++++++++++++++++++++++++++++++++++++++++++++++++++++++++++++++++++++++++++++++++++++++++++-+-,冲高回落
000066,中国长城,20260114,E_Leader_Restart (二次启动),16.14,11.83%,7.59%,1,12,117,+++++++++++--+---++-+++++++----++++++-+------------------------+++++++++++++++++++++++++++++-+---++++++++++++++++++++,正常
600965,福成股份,20260114,E_Leader_Restart (二次启动),6.36,-58.18%,-27.21%,7,1,119,------++--++-+---------------------------------------------------------------------------------------------------------,深度套牢
600640,国脉文化,20260114,E_Leader_Restart (二次启动),14.85,-33.00%,-16.86%,19,1,117,------------------+---------------------+----------------------------------------------------------------------------,深度套牢 | 冲高回落
603303,得邦照明,20260114,E_Leader_Restart (二次启动),13.85,66.28%,39.26%,3,1,117,--++++++++++++++++++++++++++++++++++++++------+++++++++++++++++++++++++++++++++++++++++++++++++++++++++++++++++++++++,正常
002284,亚太股份,20260114,D_Strong_Breakout (高风险追涨/优化),16.37,-43.31%,-17.35%,1,12,118,+++++++++++-+++++---+++++---------------------------------------------------------------------------------------------,深度套牢 | 冲高回落
601901,方正证券,20260114,D_Strong_Breakout (高风险追涨/优化),8.18,-12.71%,-11.79%,从未,1,117,---------------------------------------------------------------------------------------------------------------------,长期未回正 | 深度套牢
002591,恒大高新,20260507,E_Leader_Restart (二次启动),7.96,-24.87%,-3.12%,1,14,46,+++++++++++++-+-------++----------------------,深度套牢 | 冲高回落
603095,越剑智能,20260507,E_Leader_Restart (二次启动),24.18,-46.15%,-25.05%,1,6,48,+++++-------------------------------------------,深度套牢 | 冲高回落
002802,洪汇新材,20260422,E_Leader_Restart (二次启动),15.69,-34.80%,-18.99%,从未,1,54,------------------------------------------------------,长期未回正 | 深度套牢
605388,均瑶健康,20260422,E_Leader_Restart (二次启动),8.31,-38.27%,-29.05%,从未,1,56,--------------------------------------------------------,长期未回正 | 深度套牢
002587,奥拓电子,20260628,A_Strong_Pullback (中风险接力),7.33,-26.74%,-10.23%,2,1,11,-++--------,深度套牢 | 冲高回落
600058,五矿发展,20260628,E_Leader_Restart (二次启动),11.88,-25.25%,-10.21%,从未,1,13,-------------,长期未回正 | 深度套牢
600156,华升股份,20260424,E_Leader_Restart (二次启动),10.11,-24.04%,0.06%,2,1,54,-+++++++++++++++++++++++------------------------------,深度套牢 | 冲高回落
603335,迪生力,20260424,E_Leader_Restart (二次启动),7.07,-7.78%,8.31%,2,1,52,-++--++++++++++-+--++++++---+++++++++++++++++++++++-,冲高回落
600058,五矿发展,20260129,E_Leader_Restart (二次启动),15.6,-43.08%,-27.02%,从未,1,108,------------------------------------------------------------------------------------------------------------,长期未回正 | 深度套牢
002088,鲁阳节能,20260129,E_Leader_Restart (二次启动),13.03,-43.13%,-24.20%,1,2,106,+---------------------------------------------------------------------------------------------------------,深度套牢
002890,弘宇股份,20260129,E_Leader_Restart (二次启动),16.76,-17.72%,-5.13%,1,15,106,++++++++++++++-----------------------------------------++++++++++++++-------------------------------------,深度套牢
600714,金瑞矿业,20260129,E_Leader_Restart (二次启动),16.56,-9.48%,29.31%,12,1,108,-----------++++++++++++++++++++++++++++-+++++++++++++++++++++++++++++++++++++++++++++++++++++++++++++-------,冲高回落
002782,可立克,20260129,E_Leader_Restart (二次启动),23.33,-32.10%,-1.20%,1,2,108,+------------++++++++++++++++---+++----------------------------+++++++++++++++++++++--+++++++---------------,深度套牢 | 冲高回落
002283,天润工业,20260129,E_Leader_Restart (二次启动),6.98,22.06%,45.18%,1,从未,106,++++++++++++++++++++++++++++++++++++++++++++++++++++++++++++++++++++++++++++++++++++++++++++++++++++++++++,正常
002185,华天科技,20260129,E_Leader_Restart (二次启动),15.24,58.33%,2.96%,30,1,106,-----------------------------+-------------------------------------++-++++++++++++++++++++++++++++++++++++,正常
002809,红墙股份,20260129,E_Leader_Restart (二次启动),13.6,-46.32%,-21.16%,1,8,106,+++++++----++++----+--++++--------------------------------------------------------------------------------,深度套牢 | 冲高回落
002119,康强电子,20260129,E_Leader_Restart (二次启动),26.7,12.55%,-5.83%,84,1,106,-----------------------------------------------------------------------------------+++++++++++++++++++++++,正常
600770,综艺股份,20260129,E_Leader_Restart (二次启动),6.82,-4.99%,-6.54%,3,1,106,--+++-++---------------------+-----------------------++++++++++++++++---------------------------++--------,冲高回落
601226,华电科工,20260129,E_Leader_Restart (二次启动),10.98,-47.09%,-18.28%,1,2,106,+-+++-+----+++++-+++++++----------------------------------------------------------------------------------,深度套牢 | 冲高回落
002339,积成电子,20260129,E_Leader_Restart (二次启动),12.13,-46.17%,-18.54%,3,1,108,--++-+++++-+++----++++++---+--------------------------------------------------------------------------------,深度套牢 | 冲高回落
600986,浙文互联,20260129,E_Leader_Restart (二次启动),13.14,-50.30%,-23.93%,2,1,106,-+++++++-+------------------------------------------------------------------------------------------------,深度套牢 | 冲高回落
000968,蓝焰控股,20260129,E_Leader_Restart (二次启动),8.18,-21.76%,2.73%,12,1,106,-----------++++++++++++++++++++++++++++++++++++++++++++++++++++++++++-------------------------------------,深度套牢 | 冲高回落
000159,国际实业,20260129,E_Leader_Restart (二次启动),7.13,-21.46%,-9.36%,15,1,108,--------------+++++++----------------------------------------------+----------------------------------------,深度套牢 | 冲高回落
000565,渝三峡Ａ,20260129,E_Leader_Restart (二次启动),8.49,-31.80%,-13.48%,7,1,108,------++---+++++---+++--------------------------------------------------------------------------------------,深度套牢
600173,卧龙新能,20260129,E_Leader_Restart (二次启动),8.88,-37.05%,-18.05%,从未,1,106,----------------------------------------------------------------------------------------------------------,长期未回正 | 深度套牢
002165,红 宝 丽,20260129,E_Leader_Restart (二次启动),10.8,-49.35%,-14.10%,1,30,106,+++++++++++++++++++++++++++++-----------------------------------------------------------------------------,深度套牢 | 冲高回落
600583,海油工程,20260212,C_New_Strategy (最高共振),7.17,-27.06%,-11.00%,2,1,96,-+++++++++++-------+-----------------+----------------------------------------------------------,深度套牢 | 冲高回落
600769,祥龙电业,20260212,B_Low_Position_Start (低风险埋伏),12.86,28.07%,26.70%,1,7,96,++++++-+++-+++++++++----++++++++++++++++++++++++++++++++++++++++++++++++++++++++++++++++++++++++,正常
003018,金富科技,20260212,E_Leader_Restart (二次启动),23.54,120.90%,102.18%,3,1,98,--++++++++++++++++++++++++++++++++++++++++++++++++++++++++++++++++++++++++++++++++++++++++++++++++,正常
603058,永吉股份,20260212,E_Leader_Restart (二次启动),13.2,-36.67%,-15.62%,4,1,96,---+----++-+++----------------------------------------------------------------------------------,深度套牢
603006,联明股份,20260426,D_Strong_Breakout (高风险追涨/优化),13.64,-17.74%,0.26%,1,3,52,++--+++++++++++++---++++--+++--------+++++++++++----,深度套牢 | 冲高回落
600589,大位科技,20260225,E_Leader_Restart (二次启动),13.19,-40.56%,-17.27%,51,1,93,--------------------------------------------------+----+-------------------------------------,深度套牢
001330,博纳影业,20260225,E_Leader_Restart (二次启动),12.77,-61.79%,-41.41%,从未,1,95,-----------------------------------------------------------------------------------------------,长期未回正 | 深度套牢
603333,尚纬股份,20260109,C_New_Strategy (最高共振),8.99,-13.68%,-6.37%,35,1,119,----------------------------------++------+---------------------------------+-+++++++----------------------------------,深度套牢 | 冲高回落
603356,华菱精工,20260109,E_Leader_Restart (二次启动),15.41,-0.45%,15.76%,1,97,120,++++++++++++++++++++++++++++++++++++++++++++++++++++++++++++++++++++++++++++++++++++++++++++++++--+++++++++++++++++++++-,冲高回落
002579,中京电子,20251230,A_Strong_Pullback (中风险接力),12.25,19.43%,14.86%,3,1,128,--+++++---++--+++++-------------++++-----+++-+-+-+-------+-++++++++++++++++-+-++++++++++++++++++++++++++++++++++++++++++++++++++,正常
000913,钱江摩托,20251230,B_Low_Position_Start (低风险埋伏),15.73,-34.01%,-11.81%,7,1,126,------++++++++++-----+--+++-------+-----++++++++--------++--------------------------------------------------------------------,深度套牢 | 冲高回落
002560,通达股份,20251230,E_Leader_Restart (二次启动),10.33,-42.01%,1.94%,7,1,128,------+-+++++++++++----+--+--+++++++++++++++++----------++++++++++++++++++++++++++++++------------------------------------------,深度套牢 | 冲高回落
002201,九鼎新材,20251230,E_Leader_Restart (二次启动),11.21,-27.83%,8.51%,1,2,128,+---++++++++++++++++++++++++++++++++++++++++++++-------++++--+-++++++++++++++++++++++++++++++++---------+-+++++++++-------------,深度套牢 | 冲高回落
000586,汇源通信,20260416,E_Leader_Restart (二次启动),23.19,-49.55%,-29.44%,从未,1,60,------------------------------------------------------------,长期未回正 | 深度套牢
000026,飞亚达,20260416,E_Leader_Restart (二次启动),16.2,8.58%,25.25%,1,35,58,++++++++++++++++++++++++++++++++++--++++++++++++++++++++++,正常
002800,天顺股份,20260309,E_Leader_Restart (二次启动),24.35,-43.90%,-28.80%,5,1,87,----+----------------------------------------------------------------------------------,深度套牢
603012,创力集团,20260509,C_New_Strategy (最高共振),9.55,-18.01%,-9.59%,1,4,45,+++------+++++-------------------------------,深度套牢 | 冲高回落
603758,秦安股份,20260509,B_Low_Position_Start (低风险埋伏),13.44,-31.99%,-20.43%,从未,1,45,---------------------------------------------,长期未回正 | 深度套牢
600732,爱旭股份,20260211,A_Strong_Pullback (中风险接力),15.04,-25.53%,-7.58%,10,1,97,---------+++++++------++-+--------+++++++++++---+------------------------------------------------,深度套牢 | 冲高回落
600510,黑牡丹,20260211,A_Strong_Pullback (中风险接力),9.66,-34.68%,-9.59%,3,1,99,--+++++----------------------------------+++++++++++++--+------------------------------------------,深度套牢 | 冲高回落
002921,联诚精密,20260211,E_Leader_Restart (二次启动),24.82,6.89%,6.02%,7,1,99,------++++++++++++++------------++++++++--++++++++++++++++++++++++++++++----------++++++++++++++-++,正常
002634,棒杰股份,20260211,E_Leader_Restart (二次启动),6.66,-38.29%,-12.43%,1,18,98,+++++++++++++++++------+++++++++++++++------------------------------------------------------------,深度套牢 | 冲高回落
600860,京城股份,20260211,E_Leader_Restart (二次启动),13.77,-42.85%,-20.60%,3,1,99,--+++++-++++++++++---------------------------------------------------------------------------------,深度套牢 | 冲高回落
601222,林洋能源,20260211,D_Strong_Breakout (高风险追涨/优化),6.25,-14.08%,-1.52%,1,2,97,+----+---++++++++++++-+++++------------+---+------+-+-+---+++++++++++-+--------------------------,深度套牢 | 冲高回落
002332,仙琚制药,20251209,B_Low_Position_Start (低风险埋伏),9.54,-12.68%,-7.15%,43,1,119,------------------------------------------+----------------------------------------------------------------------------,深度套牢 | 冲高回落
002585,双星新材,20251209,E_Leader_Restart (二次启动),7.16,29.05%,18.87%,18,1,143,-----------------+++++----+++++++++------+++++++++++++++++++++++-----++------------++++++++++++++++++++++++++++++++++++++++++++++++++++++++++++,正常
603738,泰晶科技,20251209,E_Leader_Restart (二次启动),16.96,147.11%,86.77%,21,1,141,--------------------++-----------------------++++++++++++++++++++++++++++++++++++++++++++++++++++++++++++++++++++++++++++++++++++++++++++++++,正常
002093,国脉科技,20251209,E_Leader_Restart (二次启动),13.59,-54.60%,-31.98%,43,1,119,------------------------------------------+----------------------------------------------------------------------------,深度套牢 | 冲高回落
002682,龙洲股份,20251211,E_Leader_Restart (二次启动),9.86,-57.20%,-35.50%,1,4,141,+++------------------------------------------------------------------------------------------------------------------------------------------,深度套牢 | 冲高回落
000735,罗 牛 山,20251211,E_Leader_Restart (二次启动),10.14,-50.39%,-31.05%,1,4,140,+++---+++-----------------------------------------------------------------------------------------------------------------------------------,深度套牢 | 冲高回落
000505,京粮控股,20251211,E_Leader_Restart (二次启动),8.54,-35.60%,-20.94%,3,1,140,--+-------+++-------------------------------------------------------------------------------------------------------------------------------,深度套牢 | 冲高回落
000532,华金资本,20251211,E_Leader_Restart (二次启动),15.44,-32.45%,-9.78%,4,1,140,---+++-++++++++++++++++++++++++++++++++++++++++---------------------------------------------------------------------------------------------,深度套牢 | 冲高回落
002587,奥拓电子,20260630,A_Strong_Pullback (中风险接力),7.33,-26.74%,-12.88%,1,2,9,+--------,深度套牢
600058,五矿发展,20260630,E_Leader_Restart (二次启动),11.88,-25.25%,-11.36%,从未,1,11,-----------,长期未回正 | 深度套牢
002268,电科网安,20251229,C_New_Strategy (最高共振),20.33,-29.07%,-16.04%,1,14,128,+++++++++++++---+-------------+-------------------------------------------------------------------------------------------------,深度套牢 | 冲高回落
000411,英特集团,20251229,A_Strong_Pullback (中风险接力),12.86,-27.76%,-12.44%,1,8,116,+++++++--------------------------------+----------------------------------------------------------------------------,深度套牢 | 冲高回落
002228,合兴包装,20251229,E_Leader_Restart (二次启动),6.33,-50.55%,-38.44%,从未,1,129,---------------------------------------------------------------------------------------------------------------------------------,长期未回正 | 深度套牢
002427,尤夫股份,20251229,E_Leader_Restart (二次启动),6.76,-38.76%,-9.34%,1,2,129,+----+-+-+++++++++++++++++++++++++++++++++++++++++-------------------------------------------------------------------------------,深度套牢 | 冲高回落
002800,天顺股份,20260308,E_Leader_Restart (二次启动),24.35,-43.90%,-28.51%,6,1,88,-----+----------------------------------------------------------------------------------,深度套牢
603212,赛伍技术,20260604,A_Strong_Pullback (中风险接力),15.46,-29.50%,-12.81%,1,4,26,+++-+++++-----------------,深度套牢 | 冲高回落
603633,徕木股份,20260604,E_Leader_Restart (二次启动),9.06,-33.22%,-19.93%,从未,1,28,----------------------------,长期未回正 | 深度套牢
002700,万憬能源,20260604,E_Leader_Restart (二次启动),7.94,-29.72%,-6.72%,1,13,26,++++++++++++--------------,深度套牢 | 冲高回落
601918,新集能源,20260604,E_Leader_Restart (二次启动),10.97,-14.68%,-14.45%,从未,1,26,--------------------------,长期未回正 | 深度套牢
603567,珍宝岛,20260503,B_Low_Position_Start (低风险埋伏),7.08,-29.66%,-13.79%,1,20,50,+++++++++++++++++++-------------------------------,深度套牢 | 冲高回落
000559,万向钱潮,20260518,A_Strong_Pullback (中风险接力),17.5,-35.83%,-19.34%,1,5,41,++++-------------------------------------,深度套牢
603809,豪能股份,20260518,A_Strong_Pullback (中风险接力),11.48,-21.60%,-14.16%,1,2,41,+----------------------------------------,深度套牢
603018,华设集团,20260518,A_Strong_Pullback (中风险接力),7.6,-29.61%,-15.51%,1,2,41,+----------------------------------------,深度套牢
002617,露笑科技,20260518,E_Leader_Restart (二次启动),9.36,-18.80%,-1.91%,1,3,39,++--++++---------------+++-+++++--+-+--,深度套牢 | 冲高回落
002254,泰和新材,20260518,E_Leader_Restart (二次启动),14.18,-5.08%,9.79%,1,9,39,++++++++-----++--++++++++++++++++++--+-,冲高回落
002277,友阿股份,20260518,E_Leader_Restart (二次启动),6.54,-12.23%,-2.88%,3,1,41,--++++++++--++-++------------------------,深度套牢 | 冲高回落
601872,招商轮船,20260404,E_Leader_Restart (二次启动),19.47,-23.83%,-11.92%,1,4,66,+++-----------------+------------------------------++++-----------,深度套牢 | 冲高回落
000600,建投能源,20260316,E_Leader_Restart (二次启动),10.19,-21.49%,-4.55%,7,1,82,------++---------------------------------+---++++++++++++--++++-------------------,深度套牢 | 冲高回落
002579,中京电子,20251214,A_Strong_Pullback (中风险接力),11.89,23.04%,16.76%,1,2,140,+----+-++-+++++++++++++++++++++------------+++++--++-+++++++++-++----++++++++++++++++++++-++++++++++++++++++++++++++++++++++++++++++++++++++,正常
002235,安妮股份,20251214,E_Leader_Restart (二次启动),12.85,-26.77%,-20.74%,1,2,139,+------------------------------------------------------------------------------------------------------------------------------------------,深度套牢
002725,跃岭股份,20251214,E_Leader_Restart (二次启动),19.08,-42.98%,-19.93%,从未,1,140,--------------------------------------------------------------------------------------------------------------------------------------------,长期未回正 | 深度套牢
